,VALUE,VALUE,VALUE,VALUE,VALUE,VALUE,VALUE,VALUE,VALUE,VALUE,VALUE,VALUE,VALUE,VALUE,VALUE,VALUE,VALUE,VALUE,VALUE,VALUE,VALUE,VALUE,VALUE,VALUE,VALUE,VALUE,VALUE,VALUE,VALUE,VALUE,VALUE,VALUE,VALUE,VALUE,VALUE,VALUE,VALUE,VALUE,VALUE,VALUE,VALUE,VALUE,VALUE,VALUE,VALUE,VALUE,VALUE,VALUE,VALUE,VALUE,VALUE,VALUE,VALUE,VALUE,VALUE,VALUE,VALUE,VALUE,VALUE,VALUE,VALUE,VALUE,VALUE,VALUE,VALUE,VALUE,VALUE,VALUE,VALUE,VALUE,VALUE,VALUE,VALUE,VALUE,VALUE,VALUE,VALUE,VALUE,VALUE,VALUE,VALUE,VALUE,VALUE,VALUE,VALUE,VALUE,VALUE,VALUE,VALUE,VALUE,VALUE,VALUE,VALUE,VALUE,VALUE,VALUE,VALUE,VALUE,VALUE,VALUE,VALUE,VALUE,VALUE,VALUE,VALUE,VALUE,VALUE,VALUE,VALUE,VALUE,VALUE,VALUE,VALUE,VALUE,VALUE,VALUE,VALUE,VALUE,VALUE,VALUE,VALUE,VALUE,VALUE,VALUE,VALUE,VALUE,VALUE,VALUE,VALUE,VALUE,VALUE,VALUE,VALUE,VALUE,VALUE,VALUE,VALUE,VALUE,VALUE,VALUE,VALUE,VALUE,VALUE,VALUE,VALUE,VALUE,VALUE,VALUE,VALUE,VALUE,VALUE,VALUE,VALUE,VALUE,VALUE,VALUE,VALUE,VALUE,VALUE,VALUE,VALUE,VALUE,VALUE,VALUE,VALUE,VALUE,VALUE,VALUE,VALUE,VALUE,VALUE,VALUE,VALUE,VALUE,VALUE,VALUE,VALUE,VALUE,VALUE,VALUE,VALUE,VALUE,VALUE,VALUE,VALUE,VALUE,VALUE,VALUE,VALUE,VALUE,VALUE,VALUE,VALUE,VALUE,VALUE,VALUE,VALUE,VALUE,VALUE,VALUE,VALUE,VALUE,VALUE,VALUE,VALUE,VALUE,VALUE,VALUE,VALUE,VALUE,VALUE,VALUE,VALUE,VALUE,VALUE,VALUE,VALUE,VALUE,VALUE,VALUE,VALUE,VALUE,VALUE,VALUE,VALUE,VALUE,VALUE,VALUE,VALUE,VALUE,VALUE,VALUE,VALUE,VALUE,VALUE,VALUE,VALUE,VALUE,VALUE,VALUE,VALUE,VALUE,VALUE,VALUE,VALUE,VALUE,VALUE,VALUE,VALUE,VALUE,VALUE,VALUE,VALUE,VALUE,VALUE,VALUE,VALUE,VALUE,VALUE,VALUE,VALUE,VALUE,VALUE,VALUE,VALUE,VALUE,VALUE,VALUE,VALUE,VALUE,VALUE,VALUE,VALUE,VALUE,VALUE,VALUE,VALUE,VALUE,VALUE,VALUE,VALUE,VALUE,VALUE
GEO,Alberta,Alberta,Alberta,Alberta,Alberta,Alberta,Alberta,Alberta,Alberta,Alberta,Alberta,Alberta,Alberta,Alberta,Alberta,Alberta,Alberta,Alberta,Alberta,Alberta,Alberta,Alberta,British Columbia,British Columbia,British Columbia,British Columbia,British Columbia,British Columbia,British Columbia,British Columbia,British Columbia,British Columbia,British Columbia,British Columbia,British Columbia,British Columbia,British Columbia,British Columbia,British Columbia,British Columbia,British Columbia,British Columbia,British Columbia,British Columbia,Canada,Canada,Canada,Canada,Canada,Canada,Canada,Canada,Canada,Canada,Canada,Canada,Canada,Canada,Canada,Canada,Canada,Canada,Canada,Canada,Canada,Canada,Manitoba,Manitoba,Manitoba,Manitoba,Manitoba,Manitoba,Manitoba,Manitoba,Manitoba,Manitoba,Manitoba,Manitoba,Manitoba,Manitoba,Manitoba,Manitoba,Manitoba,Manitoba,Manitoba,Manitoba,Manitoba,New Brunswick,New Brunswick,New Brunswick,New Brunswick,New Brunswick,New Brunswick,New Brunswick,New Brunswick,New Brunswick,New Brunswick,New Brunswick,New Brunswick,New Brunswick,New Brunswick,New Brunswick,New Brunswick,New Brunswick,New Brunswick,New Brunswick,New Brunswick,New Brunswick,New Brunswick,Newfoundland and Labrador,Newfoundland and Labrador,Newfoundland and Labrador,Newfoundland and Labrador,Newfoundland and Labrador,Newfoundland and Labrador,Newfoundland and Labrador,Newfoundland and Labrador,Newfoundland and Labrador,Newfoundland and Labrador,Newfoundland and Labrador,Newfoundland and Labrador,Newfoundland and Labrador,Newfoundland and Labrador,Newfoundland and Labrador,Newfoundland and Labrador,Newfoundland and Labrador,Newfoundland and Labrador,Newfoundland and Labrador,Newfoundland and Labrador,Newfoundland and Labrador,Northwest Territories,Northwest Territories,Northwest Territories,Northwest Territories,Northwest Territories,Northwest Territories,Northwest Territories,Northwest Territories,Northwest Territories,Northwest Territories,Northwest Territories,Northwest Territories,Northwest Territories,Northwest Territories,Northwest Territories,Northwest Territories,Northwest Territories,Nova Scotia,Nova Scotia,Nova Scotia,Nova Scotia,Nova Scotia,Nova Scotia,Nova Scotia,Nova Scotia,Nova Scotia,Nova Scotia,Nova Scotia,Nova Scotia,Nova Scotia,Nova Scotia,Nova Scotia,Nova Scotia,Nova Scotia,Nova Scotia,Nova Scotia,Nova Scotia,Nova Scotia,Nova Scotia,Nunavut,Nunavut,Nunavut,Nunavut,Nunavut,Nunavut,Nunavut,Nunavut,Nunavut,Nunavut,Nunavut,Nunavut,Ontario,Ontario,Ontario,Ontario,Ontario,Ontario,Ontario,Ontario,Ontario,Ontario,Ontario,Ontario,Ontario,Ontario,Ontario,Ontario,Ontario,Ontario,Ontario,Ontario,Ontario,Ontario,Prince Edward Island,Prince Edward Island,Prince Edward Island,Prince Edward Island,Prince Edward Island,Prince Edward Island,Prince Edward Island,Prince Edward Island,Prince Edward Island,Prince Edward Island,Prince Edward Island,Prince Edward Island,Prince Edward Island,Prince Edward Island,Prince Edward Island,Prince Edward Island,Prince Edward Island,Prince Edward Island,Quebec,Quebec,Quebec,Quebec,Quebec,Quebec,Quebec,Quebec,Quebec,Quebec,Quebec,Quebec,Quebec,Quebec,Quebec,Quebec,Quebec,Quebec,Quebec,Quebec,Quebec,Quebec,Saskatchewan,Saskatchewan,Saskatchewan,Saskatchewan,Saskatchewan,Saskatchewan,Saskatchewan,Saskatchewan,Saskatchewan,Saskatchewan,Saskatchewan,Saskatchewan,Saskatchewan,Saskatchewan,Saskatchewan,Saskatchewan,Saskatchewan,Saskatchewan,Saskatchewan,Saskatchewan,Saskatchewan,Saskatchewan,Yukon,Yukon,Yukon,Yukon,Yukon,Yukon,Yukon,Yukon,Yukon,Yukon,Yukon,Yukon,Yukon,Yukon,Yukon,Yukon,Yukon,Yukon
Industry,Accommodation and food services [72],"Administrative and support, waste management and remediation services [56]","Arts, entertainment and recreation [71]",Beverage and tobacco product manufacturing [312],Business sector industries [T004],Construction [23],Educational services [61],"Finance and insurance and Management of companies and enterprises [52, 55]",Food manufacturing [311],"Forestry, fishing and hunting [11]",Health care and social assistance [62],Information and cultural industries [51],Manufacturing [31-33],"Mining, quarrying, and oil and gas extraction [21]",Other services (except public administration) [81],"Professional, scientific and technical services [54]",Real estate and rental and leasing [53],Retail trade [44-45],Tourism industry,Transportation and warehousing [48-49],Utilities [22],Wholesale trade [41],Accommodation and food services [72],"Administrative and support, waste management and remediation services [56]","Arts, entertainment and recreation [71]",Beverage and tobacco product manufacturing [312],Business sector industries [T004],Construction [23],Educational services [61],"Finance and insurance and Management of companies and enterprises [52, 55]",Food manufacturing [311],"Forestry, fishing and hunting [11]",Health care and social assistance [62],Information and cultural industries [51],Manufacturing [31-33],"Mining, quarrying, and oil and gas extraction [21]",Other services (except public administration) [81],"Professional, scientific and technical services [54]",Real estate and rental and leasing [53],Retail trade [44-45],Tourism industry,Transportation and warehousing [48-49],Utilities [22],Wholesale trade [41],Accommodation and food services [72],"Administrative and support, waste management and remediation services [56]","Arts, entertainment and recreation [71]",Beverage and tobacco product manufacturing [312],Business sector industries [T004],Construction [23],Educational services [61],"Finance and insurance and Management of companies and enterprises [52, 55]",Food manufacturing [311],"Forestry, fishing and hunting [11]",Health care and social assistance [62],Information and cultural industries [51],Manufacturing [31-33],"Mining, quarrying, and oil and gas extraction [21]",Other services (except public administration) [81],"Professional, scientific and technical services [54]",Real estate and rental and leasing [53],Retail trade [44-45],Tourism industry,Transportation and warehousing [48-49],Utilities [22],Wholesale trade [41],Accommodation and food services [72],"Administrative and support, waste management and remediation services [56]","Arts, entertainment and recreation [71]",Beverage and tobacco product manufacturing [312],Business sector industries [T004],Construction [23],Educational services [61],"Finance and insurance and Management of companies and enterprises [52, 55]",Food manufacturing [311],"Forestry, fishing and hunting [11]",Health care and social assistance [62],Information and cultural industries [51],Manufacturing [31-33],"Mining, quarrying, and oil and gas extraction [21]",Other services (except public administration) [81],"Professional, scientific and technical services [54]",Real estate and rental and leasing [53],Retail trade [44-45],Tourism industry,Transportation and warehousing [48-49],Wholesale trade [41],Accommodation and food services [72],"Administrative and support, waste management and remediation services [56]","Arts, entertainment and recreation [71]",Beverage and tobacco product manufacturing [312],Business sector industries [T004],Construction [23],Educational services [61],"Finance and insurance and Management of companies and enterprises [52, 55]",Food manufacturing [311],"Forestry, fishing and hunting [11]",Health care and social assistance [62],Information and cultural industries [51],Manufacturing [31-33],"Mining, quarrying, and oil and gas extraction [21]",Other services (except public administration) [81],"Professional, scientific and technical services [54]",Real estate and rental and leasing [53],Retail trade [44-45],Tourism industry,Transportation and warehousing [48-49],Utilities [22],Wholesale trade [41],Accommodation and food services [72],"Administrative and support, waste management and remediation services [56]","Arts, entertainment and recreation [71]",Beverage and tobacco product manufacturing [312],Business sector industries [T004],Construction [23],Educational services [61],"Finance and insurance and Management of companies and enterprises [52, 55]",Food manufacturing [311],"Forestry, fishing and hunting [11]",Health care and social assistance [62],Information and cultural industries [51],Manufacturing [31-33],"Mining, quarrying, and oil and gas extraction [21]",Other services (except public administration) [81],"Professional, scientific and technical services [54]",Real estate and rental and leasing [53],Retail trade [44-45],Tourism industry,Transportation and warehousing [48-49],Wholesale trade [41],Accommodation and food services [72],"Administrative and support, waste management and remediation services [56]","Arts, entertainment and recreation [71]",Business sector industries [T004],Construction [23],Educational services [61],"Finance and insurance and Management of companies and enterprises [52, 55]",Health care and social assistance [62],Information and cultural industries [51],Manufacturing [31-33],Other services (except public administration) [81],"Professional, scientific and technical services [54]",Real estate and rental and leasing [53],Retail trade [44-45],Tourism industry,Transportation and warehousing [48-49],Wholesale trade [41],Accommodation and food services [72],"Administrative and support, waste management and remediation services [56]","Arts, entertainment and recreation [71]",Beverage and tobacco product manufacturing [312],Business sector industries [T004],Construction [23],Educational services [61],"Finance and insurance and Management of companies and enterprises [52, 55]",Food manufacturing [311],"Forestry, fishing and hunting [11]",Health care and social assistance [62],Information and cultural industries [51],Manufacturing [31-33],"Mining, quarrying, and oil and gas extraction [21]",Other services (except public administration) [81],"Professional, scientific and technical services [54]",Real estate and rental and leasing [53],Retail trade [44-45],Tourism industry,Transportation and warehousing [48-49],Utilities [22],Wholesale trade [41],Accommodation and food services [72],"Administrative and support, waste management and remediation services [56]",Business sector industries [T004],Construction [23],"Finance and insurance and Management of companies and enterprises [52, 55]",Health care and social assistance [62],Other services (except public administration) [81],"Professional, scientific and technical services [54]",Real estate and rental and leasing [53],Retail trade [44-45],Tourism industry,Transportation and warehousing [48-49],Accommodation and food services [72],"Administrative and support, waste management and remediation services [56]","Arts, entertainment and recreation [71]",Beverage and tobacco product manufacturing [312],Business sector industries [T004],Construction [23],Educational services [61],"Finance and insurance and Management of companies and enterprises [52, 55]",Food manufacturing [311],"Forestry, fishing and hunting [11]",Health care and social assistance [62],Information and cultural industries [51],Manufacturing [31-33],"Mining, quarrying, and oil and gas extraction [21]",Other services (except public administration) [81],"Professional, scientific and technical services [54]",Real estate and rental and leasing [53],Retail trade [44-45],Tourism industry,Transportation and warehousing [48-49],Utilities [22],Wholesale trade [41],Accommodation and food services [72],"Administrative and support, waste management and remediation services [56]","Arts, entertainment and recreation [71]",Business sector industries [T004],Construction [23],Educational services [61],"Finance and insurance and Management of companies and enterprises [52, 55]",Food manufacturing [311],Health care and social assistance [62],Information and cultural industries [51],Manufacturing [31-33],Other services (except public administration) [81],"Professional, scientific and technical services [54]",Real estate and rental and leasing [53],Retail trade [44-45],Tourism industry,Transportation and warehousing [48-49],Wholesale trade [41],Accommodation and food services [72],"Administrative and support, waste management and remediation services [56]","Arts, entertainment and recreation [71]",Beverage and tobacco product manufacturing [312],Business sector industries [T004],Construction [23],Educational services [61],"Finance and insurance and Management of companies and enterprises [52, 55]",Food manufacturing [311],"Forestry, fishing and hunting [11]",Health care and social assistance [62],Information and cultural industries [51],Manufacturing [31-33],"Mining, quarrying, and oil and gas extraction [21]",Other services (except public administration) [81],"Professional, scientific and technical services [54]",Real estate and rental and leasing [53],Retail trade [44-45],Tourism industry,Transportation and warehousing [48-49],Utilities [22],Wholesale trade [41],Accommodation and food services [72],"Administrative and support, waste management and remediation services [56]","Arts, entertainment and recreation [71]",Beverage and tobacco product manufacturing [312],Business sector industries [T004],Construction [23],Educational services [61],"Finance and insurance and Management of companies and enterprises [52, 55]",Food manufacturing [311],"Forestry, fishing and hunting [11]",Health care and social assistance [62],Information and cultural industries [51],Manufacturing [31-33],"Mining, quarrying, and oil and gas extraction [21]",Other services (except public administration) [81],"Professional, scientific and technical services [54]",Real estate and rental and leasing [53],Retail trade [44-45],Tourism industry,Transportation and warehousing [48-49],Utilities [22],Wholesale trade [41],Accommodation and food services [72],"Administrative and support, waste management and remediation services [56]","Arts, entertainment and recreation [71]",Business sector industries [T004],Construction [23],Educational services [61],"Finance and insurance and Management of companies and enterprises [52, 55]",Health care and social assistance [62],Information and cultural industries [51],Manufacturing [31-33],"Mining, quarrying, and oil and gas extraction [21]",Other services (except public administration) [81],"Professional, scientific and technical services [54]",Real estate and rental and leasing [53],Retail trade [44-45],Tourism industry,Transportation and warehousing [48-49],Wholesale trade [41]
month_year,,,,,,,,,,,,,,,,,,,,,,,,,,,,,,,,,,,,,,,,,,,,,,,,,,,,,,,,,,,,,,,,,,,,,,,,,,,,,,,,,,,,,,,,,,,,,,,,,,,,,,,,,,,,,,,,,,,,,,,,,,,,,,,,,,,,,,,,,,,,,,,,,,,,,,,,,,,,,,,,,,,,,,,,,,,,,,,,,,,,,,,,,,,,,,,,,,,,,,,,,,,,,,,,,,,,,,,,,,,,,,,,,,,,,,,,,,,,,,,,,,,,,,,,,,,,,,,,,,,,,,,,,,,,,,,,,,,,,,,,,,,
2019-01-01,7406.0,5550.0,1453.0,99.0,119632.0,16732.0,1185.0,3712.0,434.0,370.0,11402.0,877.0,4124.0,3552.0,9985.0,18223.0,5003.0,10033.0,8897.0,6378.0,160.0,4541.0,10083.0,6913.0,2521.0,392.0,147898.0,20314.0,1873.0,4804.0,810.0,1861.0,15352.0,1906.0,6309.0,860.0,10528.0,18173.0,7912.0,13018.0,13127.0,6116.0,96.0,6615.0,62464.0,39766.0,14279.0,1289.0,893957.0,117281.0,9373.0,27671.0,4854.0,4757.0,96096.0,10114.0,42292.0,6049.0,72564.0,113057.0,40130.0,86399.0,77818.0,50463.0,725.0,39583.0,1960.0,1206.0,495.0,26.0,27667.0,3703.0,229.0,1054.0,188.0,39.0,3222.0,299.0,1216.0,89.0,2407.0,2272.0,1169.0,2905.0,2626.0,2353.0,1363.0,1236.0,633.0,284.0,30.0,17221.0,2282.0,154.0,483.0,148.0,363.0,2404.0,135.0,762.0,54.0,1553.0,1362.0,650.0,2201.0,1499.0,1035.0,15.0,768.0,907.0,409.0,229.0,21.0,13385.0,1625.0,101.0,274.0,74.0,33.0,1499.0,81.0,337.0,66.0,1077.0,950.0,518.0,1695.0,1208.0,509.0,504.0,92.0,64.0,19.0,959.0,142.0,15.0,36.0,56.0,13.0,17.0,91.0,93.0,40.0,140.0,130.0,59.0,33.0,1507.0,830.0,400.0,67.0,20018.0,2869.0,186.0,589.0,195.0,184.0,2404.0,187.0,889.0,63.0,1868.0,1789.0,841.0,2413.0,1909.0,721.0,16.0,1038.0,36.0,17.0,340.0,45.0,19.0,42.0,26.0,24.0,18.0,48.0,55.0,23.0,22533.0,15274.0,4716.0,465.0,342151.0,39804.0,3753.0,11723.0,1728.0,609.0,36067.0,4383.0,17530.0,471.0,25158.0,49679.0,15248.0,31356.0,27398.0,22407.0,310.0,17132.0,289.0,135.0,89.0,3868.0,551.0,30.0,127.0,52.0,351.0,34.0,189.0,403.0,313.0,180.0,540.0,391.0,158.0,161.0,14497.0,8332.0,3631.0,205.0,191670.0,25771.0,1594.0,4582.0,1312.0,1226.0,20797.0,2292.0,11707.0,287.0,17424.0,19704.0,8083.0,20749.0,18522.0,10239.0,96.0,9988.0,2021.0,1020.0,418.0,37.0,24853.0,3557.0,218.0,1062.0,123.0,51.0,2479.0,176.0,878.0,714.0,2277.0,2090.0,1006.0,2913.0,2420.0,1456.0,26.0,1127.0,132.0,83.0,34.0,1326.0,209.0,16.0,41.0,119.0,28.0,26.0,40.0,111.0,128.0,57.0,167.0,194.0,50.0,28.0
2019-02-01,7431.0,5584.0,1455.0,100.0,119728.0,16736.0,1171.0,3724.0,439.0,370.0,11521.0,890.0,4145.0,3524.0,9993.0,18236.0,5018.0,10093.0,8925.0,6393.0,157.0,4539.0,10082.0,6870.0,2530.0,404.0,147881.0,20319.0,1896.0,4824.0,813.0,1853.0,15381.0,1902.0,6320.0,841.0,10529.0,18132.0,7933.0,13025.0,13109.0,6129.0,97.0,6561.0,62593.0,39683.0,14355.0,1314.0,895634.0,116975.0,9390.0,27734.0,4860.0,4741.0,96277.0,10092.0,42424.0,5982.0,72890.0,113414.0,40069.0,86332.0,77964.0,50438.0,725.0,39510.0,1958.0,1209.0,499.0,27.0,27652.0,3682.0,222.0,1063.0,188.0,38.0,3240.0,296.0,1235.0,89.0,2419.0,2257.0,1171.0,2904.0,2613.0,2343.0,1378.0,1235.0,625.0,291.0,31.0,17203.0,2266.0,156.0,485.0,149.0,366.0,2402.0,135.0,763.0,52.0,1544.0,1372.0,649.0,2188.0,1503.0,1048.0,15.0,772.0,911.0,422.0,226.0,22.0,13418.0,1637.0,100.0,274.0,72.0,37.0,1517.0,84.0,340.0,68.0,1077.0,948.0,525.0,1705.0,1214.0,512.0,505.0,98.0,65.0,17.0,973.0,143.0,13.0,37.0,56.0,14.0,15.0,92.0,90.0,41.0,141.0,136.0,61.0,33.0,1516.0,833.0,400.0,69.0,20030.0,2881.0,190.0,587.0,195.0,189.0,2402.0,185.0,892.0,62.0,1871.0,1791.0,842.0,2416.0,1921.0,711.0,16.0,1041.0,36.0,18.0,343.0,46.0,18.0,43.0,27.0,25.0,18.0,48.0,54.0,23.0,22581.0,15250.0,4751.0,466.0,343240.0,39658.0,3766.0,11736.0,1730.0,604.0,36088.0,4388.0,17535.0,465.0,25279.0,49868.0,15181.0,31369.0,27461.0,22385.0,310.0,17137.0,288.0,135.0,89.0,3895.0,555.0,30.0,128.0,52.0,350.0,33.0,194.0,412.0,316.0,181.0,542.0,391.0,160.0,159.0,14498.0,8339.0,3641.0,207.0,191572.0,25684.0,1596.0,4570.0,1314.0,1223.0,20697.0,2304.0,11728.0,292.0,17407.0,19662.0,8019.0,20698.0,18567.0,10282.0,96.0,9979.0,2016.0,1003.0,412.0,38.0,24853.0,3522.0,214.0,1079.0,123.0,54.0,2496.0,178.0,885.0,713.0,2293.0,2108.0,1013.0,2949.0,2423.0,1434.0,26.0,1134.0,130.0,81.0,34.0,1314.0,211.0,15.0,40.0,118.0,29.0,26.0,38.0,110.0,127.0,55.0,164.0,194.0,51.0,27.0
2019-03-01,7429.0,5596.0,1452.0,104.0,119750.0,16754.0,1192.0,3714.0,436.0,366.0,11579.0,898.0,4152.0,3529.0,10004.0,18181.0,5032.0,10087.0,8915.0,6426.0,158.0,4536.0,10096.0,6917.0,2552.0,410.0,148208.0,20351.0,1922.0,4834.0,801.0,1835.0,15395.0,1902.0,6323.0,862.0,10540.0,18113.0,7960.0,13043.0,13118.0,6145.0,94.0,6601.0,62677.0,39731.0,14421.0,1330.0,901177.0,117153.0,9427.0,27766.0,4826.0,4742.0,96501.0,10123.0,42528.0,6029.0,73027.0,113787.0,40125.0,86256.0,78045.0,51247.0,717.0,39500.0,1968.0,1210.0,501.0,29.0,27752.0,3722.0,226.0,1067.0,183.0,40.0,3244.0,303.0,1239.0,87.0,2427.0,2286.0,1170.0,2907.0,2617.0,2391.0,1390.0,1241.0,635.0,299.0,31.0,17248.0,2293.0,156.0,489.0,142.0,365.0,2413.0,127.0,761.0,52.0,1539.0,1378.0,654.0,2199.0,1510.0,1036.0,15.0,776.0,922.0,413.0,234.0,22.0,13388.0,1643.0,101.0,271.0,73.0,34.0,1508.0,85.0,342.0,68.0,1070.0,947.0,521.0,1703.0,1230.0,508.0,502.0,101.0,62.0,18.0,967.0,141.0,15.0,37.0,57.0,14.0,15.0,93.0,93.0,43.0,140.0,137.0,58.0,31.0,1507.0,836.0,400.0,70.0,20037.0,2875.0,192.0,584.0,194.0,194.0,2409.0,190.0,900.0,62.0,1880.0,1792.0,837.0,2425.0,1901.0,729.0,17.0,1038.0,35.0,18.0,345.0,48.0,19.0,45.0,26.0,25.0,18.0,48.0,52.0,22.0,22564.0,15279.0,4745.0,470.0,345344.0,39766.0,3780.0,11767.0,1726.0,601.0,36082.0,4403.0,17507.0,465.0,25395.0,50031.0,15225.0,31467.0,27374.0,22659.0,308.0,17138.0,279.0,131.0,90.0,3899.0,559.0,29.0,130.0,51.0,350.0,32.0,192.0,418.0,317.0,179.0,536.0,379.0,166.0,159.0,14571.0,8373.0,3707.0,209.0,192524.0,25750.0,1613.0,4621.0,1311.0,1244.0,21027.0,2312.0,11720.0,286.0,17465.0,19770.0,8110.0,20706.0,18619.0,10354.0,97.0,9981.0,2011.0,1019.0,422.0,39.0,24922.0,3546.0,221.0,1087.0,122.0,54.0,2503.0,178.0,892.0,726.0,2287.0,2111.0,1026.0,2975.0,2412.0,1460.0,24.0,1134.0,134.0,82.0,34.0,1320.0,213.0,15.0,38.0,119.0,29.0,28.0,38.0,113.0,124.0,55.0,165.0,197.0,52.0,27.0
2019-04-01,7450.0,5639.0,1462.0,105.0,119876.0,16799.0,1205.0,3724.0,431.0,366.0,11567.0,919.0,4149.0,3524.0,10032.0,18354.0,5026.0,10110.0,8935.0,6442.0,161.0,4530.0,10106.0,6945.0,2564.0,412.0,148206.0,20354.0,1953.0,4824.0,811.0,1850.0,15382.0,1905.0,6326.0,874.0,10510.0,18143.0,7997.0,13020.0,13112.0,6133.0,94.0,6632.0,62799.0,39905.0,14431.0,1346.0,907709.0,117221.0,9496.0,27788.0,4847.0,4750.0,96573.0,10160.0,42707.0,6049.0,73292.0,114314.0,40432.0,86305.0,78139.0,51535.0,726.0,39464.0,1962.0,1211.0,495.0,28.0,27728.0,3737.0,227.0,1072.0,184.0,41.0,3249.0,301.0,1241.0,86.0,2423.0,2302.0,1165.0,2904.0,2620.0,2389.0,1383.0,1240.0,633.0,286.0,33.0,17290.0,2303.0,156.0,488.0,144.0,372.0,2406.0,134.0,761.0,53.0,1565.0,1386.0,653.0,2204.0,1511.0,1043.0,15.0,774.0,930.0,424.0,239.0,22.0,13441.0,1619.0,102.0,271.0,72.0,34.0,1508.0,85.0,347.0,70.0,1081.0,955.0,520.0,1693.0,1237.0,498.0,504.0,97.0,61.0,15.0,966.0,142.0,15.0,36.0,56.0,14.0,16.0,91.0,95.0,42.0,139.0,135.0,58.0,31.0,1514.0,827.0,406.0,70.0,20064.0,2876.0,198.0,568.0,196.0,190.0,2404.0,194.0,901.0,63.0,1881.0,1791.0,839.0,2433.0,1921.0,744.0,18.0,1037.0,33.0,18.0,331.0,45.0,18.0,43.0,26.0,25.0,18.0,47.0,49.0,21.0,22650.0,15329.0,4769.0,471.0,348897.0,39981.0,3814.0,11756.0,1728.0,606.0,36117.0,4433.0,17524.0,468.0,25493.0,50336.0,15254.0,31744.0,27519.0,22812.0,314.0,17137.0,293.0,137.0,92.0,3933.0,558.0,31.0,131.0,52.0,354.0,33.0,194.0,420.0,316.0,186.0,552.0,399.0,158.0,158.0,14562.0,8420.0,3720.0,212.0,192455.0,25617.0,1636.0,4642.0,1319.0,1252.0,21078.0,2329.0,11728.0,287.0,17453.0,19835.0,8157.0,20674.0,18673.0,10436.0,96.0,10004.0,2007.0,1024.0,427.0,39.0,24975.0,3627.0,223.0,1081.0,125.0,54.0,2514.0,179.0,892.0,730.0,2280.0,2125.0,1028.0,2974.0,2425.0,1456.0,24.0,1142.0,135.0,84.0,34.0,1344.0,214.0,14.0,37.0,117.0,29.0,28.0,35.0,116.0,130.0,55.0,169.0,201.0,54.0,28.0
2019-05-01,7468.0,5651.0,1454.0,105.0,119972.0,16759.0,1190.0,3683.0,428.0,363.0,11640.0,907.0,4138.0,3500.0,10049.0,18437.0,5039.0,10093.0,8953.0,6452.0,160.0,4519.0,10121.0,6968.0,2610.0,417.0,148388.0,20432.0,1978.0,4850.0,817.0,1846.0,15425.0,1921.0,6347.0,867.0,10526.0,18207.0,8031.0,12997.0,13166.0,6146.0,95.0,6639.0,63061.0,40150.0,14520.0,1364.0,912273.0,117446.0,9524.0,27783.0,4869.0,4751.0,96794.0,10197.0,42828.0,6012.0,73508.0,114697.0,40555.0,86284.0,78445.0,51664.0,729.0,39459.0,1964.0,1221.0,496.0,28.0,27659.0,3734.0,229.0,1061.0,185.0,39.0,3247.0,301.0,1242.0,84.0,2425.0,2292.0,1164.0,2891.0,2594.0,2382.0,1383.0,1251.0,630.0,292.0,34.0,17353.0,2298.0,156.0,487.0,145.0,371.0,2422.0,139.0,768.0,53.0,1564.0,1390.0,656.0,2214.0,1526.0,1050.0,15.0,780.0,931.0,422.0,241.0,25.0,13302.0,1598.0,104.0,271.0,73.0,34.0,1496.0,88.0,348.0,68.0,1074.0,947.0,517.0,1697.0,1244.0,517.0,505.0,98.0,62.0,16.0,965.0,141.0,14.0,36.0,55.0,15.0,16.0,92.0,92.0,43.0,138.0,137.0,56.0,32.0,1512.0,845.0,409.0,73.0,20093.0,2885.0,205.0,582.0,196.0,188.0,2403.0,197.0,908.0,62.0,1940.0,1795.0,849.0,2431.0,1950.0,734.0,18.0,1039.0,32.0,20.0,334.0,46.0,17.0,50.0,25.0,24.0,19.0,48.0,48.0,21.0,22778.0,15444.0,4816.0,480.0,351178.0,40125.0,3825.0,11740.0,1728.0,605.0,36142.0,4445.0,17514.0,460.0,25640.0,50514.0,15282.0,31880.0,27677.0,22877.0,314.0,17097.0,298.0,143.0,94.0,3932.0,549.0,32.0,131.0,52.0,352.0,33.0,193.0,421.0,314.0,189.0,548.0,408.0,151.0,156.0,14596.0,8454.0,3732.0,213.0,192978.0,25883.0,1651.0,4645.0,1338.0,1259.0,21159.0,2342.0,11723.0,288.0,17365.0,19893.0,8193.0,20614.0,18751.0,10309.0,96.0,10009.0,2045.0,1023.0,422.0,37.0,24938.0,3578.0,229.0,1089.0,125.0,54.0,2525.0,181.0,894.0,727.0,2287.0,2142.0,1013.0,2968.0,2441.0,1464.0,25.0,1136.0,143.0,84.0,34.0,1377.0,219.0,15.0,39.0,118.0,30.0,28.0,40.0,119.0,139.0,60.0,163.0,210.0,55.0,28.0
2019-06-01,7447.0,5652.0,1465.0,109.0,120041.0,16770.0,1183.0,3751.0,427.0,368.0,11694.0,908.0,4136.0,3529.0,10069.0,18613.0,5040.0,10096.0,8954.0,6497.0,166.0,4527.0,10117.0,6984.0,2635.0,426.0,148789.0,20392.0,2000.0,4879.0,825.0,1831.0,15417.0,1935.0,6360.0,867.0,10527.0,18301.0,8029.0,13076.0,13200.0,6147.0,94.0,6657.0,63395.0,40277.0,14596.0,1379.0,913426.0,117737.0,9610.0,27938.0,4892.0,4736.0,97118.0,10261.0,42911.0,6061.0,73691.0,115472.0,40552.0,86347.0,78705.0,51935.0,737.0,39527.0,1982.0,1229.0,503.0,30.0,27861.0,3745.0,232.0,1082.0,188.0,38.0,3286.0,303.0,1244.0,94.0,2422.0,2292.0,1171.0,2909.0,2636.0,2399.0,1380.0,1254.0,630.0,293.0,34.0,17377.0,2310.0,160.0,482.0,147.0,366.0,2427.0,140.0,769.0,52.0,1561.0,1399.0,661.0,2214.0,1524.0,1044.0,14.0,782.0,937.0,426.0,245.0,27.0,13378.0,1592.0,103.0,271.0,72.0,34.0,1502.0,84.0,348.0,68.0,1083.0,968.0,517.0,1676.0,1258.0,518.0,502.0,98.0,63.0,17.0,971.0,146.0,15.0,36.0,55.0,14.0,16.0,91.0,101.0,42.0,137.0,139.0,59.0,31.0,1515.0,845.0,415.0,72.0,20074.0,2882.0,205.0,588.0,195.0,186.0,2426.0,200.0,901.0,62.0,1948.0,1806.0,855.0,2432.0,1961.0,737.0,20.0,1039.0,33.0,21.0,330.0,45.0,18.0,45.0,25.0,23.0,17.0,48.0,49.0,21.0,22967.0,15563.0,4846.0,478.0,352051.0,40267.0,3852.0,11784.0,1740.0,603.0,36233.0,4477.0,17556.0,467.0,25743.0,50805.0,15290.0,31971.0,27922.0,22944.0,320.0,17117.0,308.0,137.0,98.0,3951.0,552.0,31.0,133.0,52.0,354.0,38.0,201.0,423.0,317.0,189.0,540.0,420.0,154.0,153.0,14973.0,8499.0,3734.0,214.0,192818.0,25962.0,1672.0,4682.0,1345.0,1251.0,21262.0,2380.0,11741.0,288.0,17588.0,20044.0,8203.0,20675.0,18782.0,10433.0,95.0,10008.0,2054.0,1017.0,424.0,37.0,24975.0,3580.0,239.0,1070.0,126.0,55.0,2545.0,183.0,896.0,731.0,2285.0,2140.0,1028.0,2990.0,2435.0,1482.0,25.0,1149.0,141.0,81.0,34.0,1355.0,216.0,16.0,40.0,117.0,31.0,29.0,40.0,115.0,133.0,57.0,167.0,205.0,53.0,27.0
2019-07-01,7459.0,5668.0,1462.0,111.0,120094.0,16776.0,1179.0,3741.0,428.0,371.0,11727.0,900.0,4148.0,3514.0,10042.0,18619.0,5029.0,10092.0,8972.0,6512.0,170.0,4522.0,10244.0,7012.0,2651.0,431.0,149000.0,20521.0,2013.0,4891.0,835.0,1803.0,15483.0,1954.0,6399.0,862.0,10597.0,18329.0,8028.0,13134.0,13253.0,6193.0,96.0,6659.0,63448.0,40490.0,14629.0,1386.0,914602.0,118133.0,9590.0,27970.0,4906.0,4703.0,97411.0,10305.0,42958.0,6026.0,73026.0,115754.0,40642.0,86240.0,78697.0,52100.0,732.0,39659.0,1968.0,1222.0,506.0,32.0,27824.0,3746.0,236.0,1068.0,188.0,38.0,3285.0,306.0,1245.0,94.0,2396.0,2291.0,1172.0,2907.0,2626.0,2403.0,1381.0,1251.0,635.0,291.0,36.0,17426.0,2298.0,159.0,481.0,145.0,361.0,2442.0,137.0,771.0,52.0,1552.0,1393.0,672.0,2207.0,1523.0,1044.0,14.0,774.0,942.0,425.0,252.0,26.0,13386.0,1593.0,106.0,271.0,73.0,31.0,1501.0,83.0,348.0,71.0,1081.0,969.0,519.0,1692.0,1258.0,522.0,503.0,99.0,63.0,19.0,969.0,142.0,15.0,38.0,52.0,13.0,16.0,93.0,99.0,43.0,133.0,142.0,58.0,31.0,1517.0,850.0,415.0,73.0,20121.0,2882.0,203.0,591.0,193.0,186.0,2417.0,196.0,907.0,62.0,1943.0,1803.0,864.0,2429.0,1958.0,740.0,18.0,1050.0,33.0,21.0,332.0,46.0,19.0,43.0,23.0,22.0,18.0,49.0,49.0,20.0,22879.0,15647.0,4867.0,476.0,352530.0,40370.0,3848.0,11815.0,1748.0,601.0,36332.0,4488.0,17569.0,453.0,25774.0,50905.0,15301.0,31920.0,27871.0,23070.0,315.0,17104.0,308.0,137.0,103.0,3969.0,564.0,31.0,136.0,47.0,351.0,36.0,197.0,425.0,317.0,188.0,536.0,422.0,154.0,151.0,14891.0,8535.0,3717.0,214.0,192871.0,26065.0,1669.0,4678.0,1351.0,1247.0,21336.0,2395.0,11785.0,285.0,17535.0,20137.0,8207.0,20628.0,18751.0,10462.0,91.0,10013.0,2066.0,1018.0,427.0,37.0,24998.0,3580.0,236.0,1065.0,124.0,51.0,2540.0,188.0,890.0,729.0,2295.0,2150.0,1019.0,2979.0,2444.0,1490.0,27.0,1156.0,137.0,82.0,34.0,1355.0,220.0,15.0,41.0,116.0,29.0,28.0,40.0,119.0,135.0,58.0,170.0,200.0,52.0,28.0
2019-08-01,7478.0,5643.0,1464.0,115.0,120114.0,16709.0,1175.0,3716.0,432.0,365.0,11752.0,899.0,4151.0,3502.0,10059.0,18549.0,5008.0,10126.0,9002.0,6473.0,164.0,4511.0,10219.0,7022.0,2641.0,430.0,149309.0,20515.0,2007.0,4900.0,839.0,1772.0,15534.0,1924.0,6413.0,852.0,10601.0,18346.0,8011.0,13132.0,13251.0,6181.0,88.0,6631.0,63270.0,40498.0,14619.0,1389.0,911956.0,118334.0,9623.0,27916.0,4934.0,4659.0,97612.0,10280.0,42849.0,5985.0,72938.0,115668.0,40530.0,86132.0,78623.0,51932.0,719.0,39503.0,1970.0,1232.0,501.0,32.0,27884.0,3766.0,232.0,1068.0,191.0,36.0,3279.0,302.0,1250.0,94.0,2400.0,2288.0,1170.0,2909.0,2627.0,2392.0,1382.0,1262.0,631.0,291.0,38.0,17461.0,2303.0,152.0,481.0,142.0,365.0,2451.0,141.0,772.0,52.0,1560.0,1381.0,666.0,2219.0,1537.0,1045.0,14.0,774.0,941.0,425.0,241.0,27.0,13398.0,1594.0,110.0,269.0,74.0,34.0,1494.0,83.0,355.0,70.0,1087.0,973.0,518.0,1688.0,1252.0,510.0,508.0,97.0,68.0,21.0,966.0,141.0,14.0,35.0,54.0,15.0,16.0,91.0,92.0,41.0,133.0,141.0,60.0,32.0,1522.0,845.0,415.0,72.0,20127.0,2897.0,201.0,589.0,195.0,183.0,2412.0,194.0,907.0,62.0,1918.0,1781.0,858.0,2418.0,1955.0,739.0,15.0,1044.0,34.0,21.0,331.0,45.0,19.0,43.0,26.0,21.0,18.0,47.0,49.0,20.0,22736.0,15653.0,4859.0,474.0,351046.0,40357.0,3863.0,11804.0,1758.0,600.0,36398.0,4495.0,17544.0,450.0,25622.0,50865.0,15326.0,31742.0,27689.0,23038.0,313.0,17096.0,315.0,136.0,107.0,4009.0,570.0,30.0,134.0,49.0,355.0,37.0,196.0,427.0,313.0,191.0,533.0,431.0,152.0,150.0,14834.0,8510.0,3713.0,213.0,193009.0,26117.0,1672.0,4658.0,1339.0,1245.0,21361.0,2367.0,11759.0,280.0,17505.0,20220.0,8171.0,20634.0,18744.0,10433.0,93.0,9990.0,2075.0,1043.0,430.0,38.0,25133.0,3588.0,239.0,1076.0,124.0,51.0,2577.0,187.0,904.0,724.0,2304.0,2184.0,1018.0,2984.0,2462.0,1486.0,27.0,1168.0,139.0,84.0,33.0,1355.0,217.0,18.0,39.0,116.0,28.0,28.0,40.0,122.0,136.0,59.0,169.0,204.0,52.0,28.0
2019-09-01,7491.0,5636.0,1469.0,117.0,120087.0,16614.0,1182.0,3724.0,437.0,362.0,11844.0,890.0,4160.0,3492.0,10074.0,18496.0,4999.0,10127.0,8999.0,6510.0,163.0,4486.0,10224.0,7006.0,2627.0,436.0,148910.0,20501.0,2021.0,4899.0,839.0,1754.0,15594.0,1936.0,6390.0,836.0,10604.0,18447.0,7987.0,13110.0,13265.0,6169.0,90.0,6595.0,63255.0,40549.0,14566.0,1407.0,909643.0,118331.0,9614.0,27908.0,4906.0,4682.0,97967.0,10277.0,42737.0,5955.0,72699.0,115608.0,40480.0,85957.0,78435.0,51812.0,720.0,39355.0,1966.0,1230.0,495.0,32.0,27845.0,3729.0,231.0,1063.0,189.0,39.0,3286.0,302.0,1242.0,94.0,2401.0,2300.0,1175.0,2899.0,2617.0,2391.0,1379.0,1250.0,633.0,288.0,38.0,17405.0,2293.0,148.0,486.0,147.0,360.0,2445.0,139.0,776.0,52.0,1566.0,1360.0,667.0,2203.0,1519.0,1046.0,14.0,768.0,931.0,416.0,236.0,27.0,13262.0,1591.0,103.0,269.0,69.0,40.0,1494.0,86.0,347.0,78.0,1074.0,951.0,514.0,1669.0,1244.0,504.0,493.0,105.0,65.0,19.0,967.0,143.0,15.0,33.0,53.0,14.0,15.0,90.0,93.0,45.0,136.0,146.0,63.0,31.0,1534.0,847.0,409.0,74.0,20122.0,2899.0,190.0,585.0,192.0,186.0,2413.0,200.0,903.0,63.0,1906.0,1808.0,866.0,2423.0,1955.0,740.0,17.0,1035.0,32.0,20.0,334.0,42.0,19.0,47.0,27.0,20.0,18.0,47.0,48.0,22.0,22688.0,15718.0,4848.0,485.0,350327.0,40411.0,3855.0,11822.0,1743.0,595.0,36531.0,4481.0,17550.0,444.0,25528.0,50881.0,15298.0,31559.0,27625.0,23068.0,310.0,17037.0,302.0,135.0,100.0,3971.0,566.0,30.0,129.0,50.0,356.0,36.0,198.0,426.0,311.0,193.0,534.0,415.0,150.0,153.0,14802.0,8506.0,3693.0,210.0,193066.0,26204.0,1656.0,4643.0,1334.0,1285.0,21419.0,2350.0,11754.0,280.0,17469.0,20222.0,8152.0,20601.0,18682.0,10479.0,93.0,9938.0,2080.0,1050.0,428.0,40.0,25028.0,3591.0,243.0,1064.0,126.0,53.0,2604.0,191.0,910.0,716.0,2299.0,2147.0,1025.0,2962.0,2457.0,1457.0,29.0,1145.0,140.0,83.0,33.0,1351.0,208.0,16.0,41.0,114.0,30.0,28.0,39.0,125.0,138.0,64.0,168.0,206.0,55.0,28.0
2019-10-01,7473.0,5614.0,1475.0,118.0,119743.0,16508.0,1176.0,3706.0,432.0,358.0,11865.0,886.0,4142.0,3457.0,10035.0,18428.0,4983.0,10120.0,8990.0,6449.0,161.0,4479.0,10207.0,7012.0,2640.0,441.0,148953.0,20461.0,2018.0,4893.0,842.0,1721.0,15627.0,1910.0,6396.0,827.0,10586.0,18319.0,7966.0,13083.0,13237.0,6166.0,93.0,6558.0,63155.0,40466.0,14528.0,1417.0,904858.0,118378.0,9619.0,27843.0,4908.0,4620.0,97991.0,10243.0,42626.0,5902.0,72444.0,115321.0,40309.0,85902.0,78289.0,51561.0,715.0,39245.0,1952.0,1223.0,488.0,32.0,27815.0,3707.0,231.0,1070.0,188.0,43.0,3288.0,313.0,1238.0,92.0,2394.0,2287.0,1176.0,2894.0,2598.0,2404.0,1384.0,1249.0,634.0,281.0,38.0,17377.0,2292.0,149.0,482.0,145.0,357.0,2451.0,141.0,775.0,51.0,1558.0,1368.0,664.0,2187.0,1504.0,1046.0,14.0,761.0,917.0,418.0,234.0,28.0,13201.0,1579.0,104.0,268.0,68.0,34.0,1483.0,84.0,344.0,75.0,1060.0,950.0,508.0,1664.0,1219.0,493.0,494.0,99.0,65.0,17.0,959.0,145.0,16.0,32.0,50.0,15.0,16.0,91.0,93.0,44.0,132.0,140.0,58.0,32.0,1537.0,844.0,401.0,76.0,20128.0,2909.0,197.0,580.0,188.0,183.0,2420.0,200.0,901.0,61.0,1893.0,1804.0,852.0,2419.0,1948.0,742.0,17.0,1040.0,32.0,20.0,335.0,45.0,18.0,45.0,27.0,19.0,18.0,45.0,48.0,22.0,22673.0,15685.0,4819.0,487.0,348121.0,40534.0,3853.0,11853.0,1745.0,594.0,36496.0,4468.0,17519.0,447.0,25461.0,50799.0,15320.0,31384.0,27585.0,23004.0,305.0,16993.0,295.0,135.0,93.0,3964.0,572.0,29.0,128.0,50.0,355.0,34.0,199.0,425.0,304.0,194.0,532.0,403.0,150.0,151.0,14792.0,8465.0,3683.0,214.0,193258.0,26265.0,1644.0,4617.0,1330.0,1269.0,21441.0,2346.0,11691.0,279.0,17458.0,20217.0,8114.0,20579.0,18672.0,10452.0,92.0,9902.0,2085.0,1031.0,421.0,38.0,25046.0,3566.0,242.0,1072.0,128.0,52.0,2612.0,190.0,906.0,709.0,2286.0,2160.0,1016.0,2973.0,2472.0,1461.0,29.0,1161.0,139.0,80.0,32.0,1350.0,216.0,14.0,42.0,115.0,31.0,28.0,39.0,120.0,139.0,63.0,169.0,204.0,54.0,26.0
2019-11-01,7440.0,5575.0,1463.0,122.0,119501.0,16374.0,1175.0,3683.0,444.0,351.0,11877.0,879.0,4135.0,3385.0,10032.0,18302.0,4948.0,10086.0,8955.0,6445.0,161.0,4459.0,10183.0,6983.0,2602.0,440.0,148580.0,20397.0,2010.0,4852.0,836.0,1698.0,15665.0,1913.0,6369.0,811.0,10586.0,18221.0,7924.0,13064.0,13195.0,6146.0,95.0,6523.0,62964.0,40351.0,14474.0,1436.0,901574.0,117979.0,9634.0,27643.0,4915.0,4593.0,98180.0,10196.0,42430.0,5823.0,72403.0,114539.0,40111.0,86115.0,78184.0,51338.0,710.0,39057.0,1952.0,1211.0,494.0,33.0,27855.0,3699.0,230.0,1051.0,185.0,37.0,3296.0,305.0,1220.0,92.0,2398.0,2283.0,1170.0,2890.0,2594.0,2397.0,1391.0,1230.0,628.0,289.0,38.0,17373.0,2292.0,144.0,474.0,143.0,362.0,2440.0,138.0,772.0,50.0,1545.0,1362.0,665.0,2166.0,1495.0,1037.0,13.0,758.0,905.0,418.0,231.0,25.0,13167.0,1570.0,104.0,268.0,73.0,32.0,1490.0,84.0,343.0,71.0,1058.0,936.0,504.0,1660.0,1203.0,494.0,491.0,99.0,63.0,19.0,963.0,146.0,14.0,34.0,52.0,15.0,15.0,94.0,93.0,45.0,132.0,140.0,56.0,32.0,1547.0,832.0,384.0,75.0,20142.0,2915.0,193.0,585.0,189.0,183.0,2410.0,201.0,902.0,61.0,1869.0,1785.0,852.0,2406.0,1930.0,737.0,17.0,1038.0,31.0,20.0,333.0,42.0,18.0,46.0,27.0,22.0,20.0,46.0,47.0,22.0,22601.0,15673.0,4772.0,495.0,346538.0,40302.0,3861.0,11746.0,1735.0,591.0,36574.0,4432.0,17465.0,446.0,25272.0,50475.0,15275.0,31126.0,27477.0,22969.0,300.0,16941.0,291.0,138.0,97.0,3986.0,573.0,25.0,127.0,49.0,356.0,37.0,199.0,427.0,301.0,194.0,523.0,397.0,149.0,154.0,14737.0,8415.0,3667.0,219.0,193459.0,26255.0,1621.0,4597.0,1340.0,1262.0,21417.0,2326.0,11731.0,278.0,17409.0,20172.0,8047.0,20564.0,18694.0,10464.0,90.0,9843.0,2091.0,1020.0,419.0,39.0,24996.0,3535.0,242.0,1061.0,130.0,50.0,2618.0,187.0,908.0,708.0,2278.0,2153.0,992.0,2959.0,2471.0,1451.0,29.0,1160.0,138.0,78.0,32.0,1351.0,221.0,13.0,40.0,118.0,30.0,26.0,38.0,120.0,140.0,61.0,168.0,204.0,54.0,28.0
2019-12-01,7454.0,5502.0,1462.0,123.0,119303.0,16226.0,1174.0,3649.0,441.0,354.0,11862.0,869.0,4113.0,3383.0,10015.0,18186.0,4925.0,10053.0,8951.0,6415.0,161.0,4441.0,10126.0,6952.0,2591.0,434.0,148540.0,20321.0,1986.0,4846.0,841.0,1685.0,15676.0,1890.0,6357.0,809.0,10488.0,18132.0,7850.0,13012.0,13148.0,6141.0,94.0,6471.0,63100.0,40106.0,14450.0,1438.0,897964.0,117597.0,9633.0,27479.0,4903.0,4587.0,98239.0,10146.0,42218.0,5800.0,72412.0,113957.0,39745.0,85764.0,78357.0,51148.0,702.0,38878.0,1953.0,1196.0,503.0,35.0,27964.0,3681.0,228.0,1050.0,189.0,40.0,3294.0,305.0,1227.0,90.0,2413.0,2278.0,1161.0,2884.0,2599.0,2405.0,1389.0,1234.0,628.0,291.0,39.0,17305.0,2263.0,151.0,475.0,144.0,359.0,2439.0,135.0,765.0,50.0,1536.0,1354.0,662.0,2169.0,1493.0,1025.0,13.0,747.0,921.0,410.0,228.0,30.0,13127.0,1558.0,112.0,265.0,74.0,32.0,1485.0,81.0,345.0,74.0,1040.0,925.0,503.0,1643.0,1223.0,490.0,488.0,98.0,63.0,18.0,955.0,143.0,14.0,31.0,53.0,15.0,16.0,93.0,94.0,45.0,132.0,138.0,57.0,31.0,1540.0,824.0,389.0,75.0,20166.0,2901.0,187.0,572.0,185.0,184.0,2410.0,202.0,902.0,60.0,1845.0,1792.0,853.0,2390.0,1923.0,737.0,17.0,1029.0,33.0,21.0,340.0,47.0,18.0,45.0,27.0,22.0,18.0,47.0,50.0,22.0,22682.0,15625.0,4773.0,495.0,345089.0,40221.0,3870.0,11664.0,1728.0,591.0,36577.0,4424.0,17434.0,453.0,25252.0,50186.0,15230.0,30972.0,27553.0,22839.0,298.0,16871.0,288.0,135.0,97.0,3956.0,563.0,27.0,127.0,50.0,351.0,38.0,197.0,423.0,300.0,194.0,523.0,388.0,148.0,154.0,14805.0,8369.0,3674.0,220.0,193940.0,26298.0,1608.0,4593.0,1337.0,1273.0,21457.0,2312.0,11738.0,281.0,17431.0,20195.0,7981.0,20527.0,18722.0,10493.0,86.0,9797.0,2073.0,1006.0,419.0,39.0,24954.0,3490.0,244.0,1060.0,129.0,49.0,2612.0,191.0,902.0,705.0,2269.0,2163.0,995.0,2940.0,2462.0,1445.0,28.0,1161.0,136.0,78.0,32.0,1340.0,216.0,15.0,43.0,117.0,28.0,28.0,37.0,119.0,140.0,66.0,167.0,200.0,54.0,26.0
2020-01-01,7441.0,5488.0,1469.0,120.0,119001.0,16077.0,1164.0,3637.0,434.0,352.0,11866.0,864.0,4102.0,3349.0,9990.0,18185.0,4901.0,10050.0,8919.0,6300.0,159.0,4399.0,10060.0,6935.0,2613.0,428.0,148586.0,20242.0,2001.0,4828.0,844.0,1653.0,15690.0,1886.0,6313.0,795.0,10457.0,18077.0,7772.0,12951.0,13134.0,6128.0,96.0,6441.0,63102.0,40001.0,14525.0,1430.0,896931.0,117582.0,9629.0,27420.0,4908.0,4529.0,98226.0,10152.0,42170.0,5723.0,72652.0,113649.0,39659.0,85835.0,78312.0,50954.0,709.0,38770.0,1963.0,1187.0,503.0,36.0,27934.0,3658.0,229.0,1050.0,186.0,37.0,3296.0,305.0,1232.0,87.0,2408.0,2259.0,1150.0,2883.0,2612.0,2397.0,1392.0,1221.0,631.0,287.0,38.0,17272.0,2264.0,147.0,475.0,142.0,352.0,2431.0,135.0,763.0,49.0,1525.0,1361.0,660.0,2156.0,1486.0,1025.0,14.0,743.0,894.0,406.0,232.0,30.0,13085.0,1549.0,106.0,267.0,73.0,32.0,1486.0,81.0,340.0,72.0,1046.0,931.0,500.0,1646.0,1192.0,485.0,487.0,95.0,63.0,17.0,947.0,145.0,13.0,31.0,52.0,15.0,15.0,91.0,93.0,43.0,132.0,134.0,59.0,32.0,1553.0,820.0,387.0,72.0,20136.0,2891.0,185.0,574.0,187.0,182.0,2402.0,202.0,899.0,63.0,1829.0,1790.0,849.0,2387.0,1931.0,745.0,17.0,1031.0,32.0,21.0,332.0,46.0,17.0,45.0,28.0,21.0,18.0,47.0,47.0,23.0,22729.0,15610.0,4810.0,495.0,344567.0,40315.0,3861.0,11649.0,1728.0,587.0,36482.0,4401.0,17377.0,437.0,25304.0,50200.0,15198.0,31026.0,27593.0,23033.0,304.0,16855.0,285.0,134.0,95.0,3955.0,572.0,29.0,128.0,51.0,355.0,38.0,197.0,423.0,298.0,190.0,528.0,384.0,149.0,152.0,14841.0,8354.0,3676.0,224.0,194347.0,26368.0,1598.0,4561.0,1343.0,1267.0,21556.0,2327.0,11751.0,280.0,17444.0,20168.0,7929.0,20563.0,18809.0,10456.0,87.0,9777.0,2053.0,994.0,416.0,41.0,24805.0,3457.0,241.0,1054.0,123.0,46.0,2605.0,188.0,896.0,695.0,2254.0,2118.0,997.0,2938.0,2441.0,1421.0,27.0,1161.0,131.0,81.0,31.0,1327.0,213.0,13.0,42.0,117.0,31.0,29.0,37.0,117.0,138.0,62.0,166.0,195.0,56.0,25.0
2020-02-01,7408.0,5461.0,1473.0,121.0,118487.0,16091.0,1159.0,3662.0,435.0,350.0,11854.0,855.0,4088.0,3302.0,9879.0,18069.0,4856.0,10012.0,8885.0,6243.0,152.0,4404.0,10033.0,6937.0,2590.0,425.0,147896.0,20094.0,2021.0,4788.0,843.0,1665.0,15625.0,1906.0,6299.0,793.0,10392.0,18092.0,7721.0,12888.0,12961.0,6112.0,97.0,6366.0,62858.0,39985.0,14494.0,1431.0,899683.0,117508.0,9652.0,27364.0,4912.0,4510.0,98058.0,10188.0,42066.0,5653.0,72657.0,113582.0,39330.0,85430.0,77966.0,50545.0,699.0,38648.0,1934.0,1180.0,490.0,34.0,27740.0,3634.0,230.0,1043.0,187.0,36.0,3241.0,304.0,1231.0,86.0,2407.0,2266.0,1147.0,2885.0,2567.0,2383.0,1388.0,1207.0,619.0,288.0,38.0,17230.0,2245.0,151.0,472.0,142.0,351.0,2438.0,136.0,757.0,50.0,1527.0,1365.0,658.0,2140.0,1475.0,1033.0,13.0,746.0,887.0,402.0,218.0,29.0,13059.0,1554.0,109.0,275.0,74.0,32.0,1483.0,81.0,345.0,72.0,1051.0,932.0,497.0,1638.0,1181.0,487.0,477.0,96.0,62.0,17.0,946.0,141.0,12.0,29.0,51.0,16.0,15.0,90.0,95.0,44.0,127.0,136.0,60.0,32.0,1546.0,816.0,386.0,71.0,20195.0,2895.0,193.0,566.0,180.0,181.0,2398.0,201.0,892.0,60.0,1863.0,1800.0,853.0,2377.0,1920.0,735.0,17.0,1026.0,36.0,19.0,329.0,45.0,16.0,45.0,28.0,21.0,17.0,46.0,50.0,23.0,22722.0,15540.0,4812.0,495.0,347093.0,40339.0,3883.0,11610.0,1731.0,589.0,36481.0,4409.0,17283.0,437.0,25162.0,49956.0,15185.0,30953.0,27583.0,22580.0,298.0,16842.0,284.0,136.0,92.0,3942.0,570.0,27.0,132.0,51.0,358.0,36.0,193.0,419.0,298.0,193.0,523.0,380.0,144.0,151.0,14860.0,8266.0,3674.0,228.0,194264.0,26387.0,1595.0,4542.0,1340.0,1251.0,21440.0,2312.0,11738.0,273.0,17409.0,20152.0,7875.0,20545.0,18844.0,10464.0,90.0,9737.0,2067.0,994.0,419.0,39.0,24754.0,3498.0,238.0,1052.0,128.0,46.0,2595.0,184.0,898.0,694.0,2237.0,2108.0,986.0,2947.0,2468.0,1400.0,27.0,1156.0,132.0,78.0,30.0,1310.0,212.0,13.0,37.0,116.0,30.0,26.0,37.0,116.0,138.0,60.0,166.0,194.0,51.0,27.0
2020-03-01,7027.0,5281.0,1416.0,122.0,114787.0,15569.0,1146.0,3575.0,423.0,343.0,11715.0,840.0,4002.0,3228.0,9471.0,17690.0,4789.0,9700.0,8447.0,6057.0,152.0,4339.0,9214.0,6582.0,2485.0,418.0,141201.0,18685.0,1915.0,4702.0,811.0,1642.0,15283.0,1816.0,6058.0,775.0,9820.0,17722.0,7452.0,12255.0,11974.0,5577.0,96.0,6247.0,59015.0,38351.0,14010.0,1415.0,870545.0,111907.0,9278.0,26871.0,4759.0,4462.0,96555.0,9819.0,41021.0,5560.0,69338.0,111742.0,38096.0,81954.0,73617.0,48445.0,688.0,37531.0,1885.0,1164.0,483.0,35.0,27240.0,3614.0,221.0,1035.0,182.0,32.0,3235.0,297.0,1212.0,86.0,2345.0,2234.0,1136.0,2817.0,2515.0,2344.0,1369.0,1192.0,609.0,287.0,38.0,16893.0,2215.0,143.0,459.0,140.0,359.0,2413.0,136.0,752.0,49.0,1466.0,1361.0,651.0,2116.0,1449.0,1013.0,13.0,735.0,873.0,394.0,217.0,30.0,12782.0,1512.0,108.0,273.0,72.0,32.0,1450.0,81.0,341.0,72.0,1014.0,916.0,492.0,1612.0,1162.0,474.0,468.0,93.0,62.0,15.0,926.0,139.0,11.0,29.0,51.0,17.0,16.0,88.0,94.0,42.0,124.0,128.0,63.0,31.0,1463.0,810.0,379.0,72.0,19692.0,2843.0,186.0,570.0,180.0,182.0,2372.0,199.0,884.0,59.0,1805.0,1772.0,850.0,2340.0,1829.0,738.0,17.0,994.0,35.0,19.0,329.0,45.0,17.0,43.0,27.0,21.0,17.0,47.0,51.0,24.0,21286.0,15001.0,4614.0,490.0,335640.0,38455.0,3768.0,11473.0,1697.0,564.0,35862.0,4327.0,16878.0,437.0,24159.0,49331.0,14538.0,29861.0,25930.0,21425.0,287.0,16396.0,282.0,129.0,88.0,3840.0,565.0,27.0,132.0,51.0,353.0,35.0,186.0,409.0,289.0,188.0,500.0,375.0,140.0,152.0,13723.0,8130.0,3613.0,229.0,186829.0,25256.0,1523.0,4467.0,1290.0,1249.0,21330.0,2249.0,11337.0,271.0,16587.0,19646.0,7614.0,19616.0,17606.0,9871.0,92.0,9447.0,1954.0,978.0,416.0,36.0,24044.0,3359.0,232.0,1038.0,127.0,49.0,2595.0,183.0,871.0,693.0,2154.0,2082.0,970.0,2899.0,2338.0,1378.0,29.0,1148.0,128.0,77.0,32.0,1291.0,210.0,13.0,38.0,115.0,27.0,27.0,35.0,112.0,137.0,60.0,165.0,193.0,53.0,26.0
2020-04-01,6405.0,5073.0,1275.0,119.0,108526.0,14849.0,1050.0,3526.0,416.0,339.0,11243.0,825.0,3879.0,3151.0,8492.0,17276.0,4536.0,9164.0,7701.0,5830.0,152.0,4236.0,8318.0,6345.0,2287.0,402.0,134383.0,18299.0,1759.0,4658.0,780.0,1588.0,14569.0,1763.0,5812.0,750.0,8772.0,17549.0,7262.0,11362.0,10890.0,5605.0,98.0,6100.0,52276.0,36126.0,12670.0,1385.0,820568.0,103849.0,8411.0,26354.0,4601.0,4247.0,92237.0,9375.0,39246.0,5422.0,62539.0,109169.0,36436.0,75733.0,65770.0,46299.0,676.0,35891.0,1736.0,1136.0,430.0,33.0,26205.0,3481.0,215.0,1032.0,182.0,32.0,3141.0,296.0,1186.0,88.0,2208.0,2214.0,1118.0,2689.0,2303.0,2317.0,1330.0,1048.0,589.0,247.0,37.0,15695.0,2013.0,124.0,451.0,135.0,338.0,2286.0,124.0,713.0,47.0,1340.0,1326.0,598.0,1960.0,1305.0,997.0,12.0,717.0,716.0,380.0,193.0,28.0,11916.0,1352.0,86.0,260.0,69.0,33.0,1380.0,76.0,321.0,68.0,896.0,888.0,453.0,1492.0,987.0,455.0,452.0,81.0,63.0,16.0,904.0,138.0,11.0,29.0,47.0,17.0,15.0,89.0,90.0,41.0,119.0,123.0,58.0,31.0,1272.0,749.0,329.0,72.0,18178.0,2566.0,173.0,565.0,174.0,158.0,2248.0,194.0,842.0,58.0,1650.0,1752.0,781.0,2136.0,1593.0,716.0,16.0,959.0,35.0,19.0,326.0,46.0,16.0,43.0,28.0,21.0,17.0,46.0,50.0,25.0,18105.0,13740.0,4115.0,476.0,311196.0,35055.0,3371.0,11119.0,1602.0,538.0,33753.0,4087.0,15853.0,429.0,20829.0,47955.0,13613.0,27066.0,22342.0,19801.0,275.0,15551.0,266.0,122.0,86.0,3559.0,510.0,27.0,126.0,48.0,328.0,37.0,170.0,366.0,287.0,180.0,481.0,361.0,135.0,145.0,12549.0,7772.0,3401.0,233.0,176703.0,23025.0,1452.0,4407.0,1291.0,1191.0,20823.0,2189.0,10873.0,269.0,15596.0,19171.0,7344.0,18688.0,16368.0,9575.0,89.0,9094.0,1749.0,922.0,367.0,36.0,22730.0,3214.0,223.0,1027.0,125.0,48.0,2509.0,175.0,848.0,664.0,1994.0,2029.0,916.0,2728.0,2105.0,1354.0,28.0,1133.0,117.0,72.0,32.0,1260.0,211.0,13.0,32.0,111.0,28.0,25.0,36.0,109.0,136.0,58.0,155.0,180.0,51.0,26.0
2020-05-01,5983.0,4999.0,1150.0,115.0,105295.0,14592.0,971.0,3465.0,405.0,337.0,10842.0,818.0,3780.0,3060.0,8031.0,17061.0,4457.0,8937.0,7162.0,5726.0,156.0,4191.0,8036.0,6338.0,2139.0,398.0,132026.0,18454.0,1672.0,4630.0,774.0,1552.0,14193.0,1760.0,5744.0,756.0,8616.0,17503.0,7054.0,11096.0,10494.0,5586.0,98.0,5999.0,48048.0,35809.0,11797.0,1365.0,799908.0,103243.0,7872.0,26085.0,4515.0,4211.0,88276.0,9239.0,38787.0,5324.0,59374.0,108112.0,35318.0,73745.0,60900.0,45823.0,690.0,35266.0,1616.0,1131.0,423.0,32.0,25886.0,3474.0,209.0,1029.0,182.0,34.0,3113.0,295.0,1179.0,84.0,2184.0,2204.0,1128.0,2683.0,2186.0,2333.0,1327.0,980.0,605.0,236.0,35.0,15613.0,2030.0,121.0,453.0,132.0,328.0,2304.0,125.0,708.0,48.0,1312.0,1330.0,594.0,1974.0,1233.0,992.0,12.0,709.0,650.0,384.0,178.0,28.0,11470.0,1314.0,84.0,252.0,66.0,33.0,1356.0,77.0,305.0,63.0,839.0,865.0,441.0,1468.0,901.0,461.0,455.0,80.0,61.0,14.0,886.0,133.0,14.0,29.0,50.0,17.0,15.0,87.0,87.0,41.0,114.0,119.0,55.0,31.0,1084.0,735.0,299.0,71.0,17443.0,2524.0,157.0,560.0,176.0,159.0,2172.0,192.0,829.0,55.0,1583.0,1738.0,766.0,2074.0,1446.0,699.0,16.0,952.0,33.0,19.0,325.0,43.0,16.0,44.0,28.0,22.0,19.0,45.0,47.0,25.0,16276.0,13592.0,3836.0,467.0,299487.0,33726.0,3131.0,10969.0,1556.0,546.0,31338.0,3997.0,15406.0,436.0,19126.0,47303.0,13091.0,26068.0,20314.0,19487.0,283.0,15161.0,231.0,126.0,78.0,3512.0,528.0,28.0,125.0,48.0,323.0,32.0,174.0,369.0,289.0,177.0,484.0,321.0,137.0,157.0,11461.0,7667.0,3186.0,229.0,173634.0,24047.0,1394.0,4380.0,1281.0,1194.0,20234.0,2146.0,10879.0,266.0,14831.0,19027.0,7138.0,18322.0,15135.0,9394.0,92.0,9039.0,1628.0,921.0,340.0,36.0,22257.0,3183.0,199.0,1020.0,122.0,43.0,2451.0,174.0,858.0,654.0,1969.0,2027.0,913.0,2706.0,1945.0,1319.0,27.0,1123.0,109.0,72.0,29.0,1233.0,207.0,12.0,34.0,110.0,29.0,25.0,35.0,102.0,137.0,52.0,156.0,172.0,49.0,26.0
2020-06-01,6298.0,5062.0,1187.0,115.0,107220.0,14801.0,978.0,3479.0,416.0,333.0,11193.0,816.0,3832.0,3015.0,8560.0,17060.0,4373.0,9103.0,7514.0,5749.0,158.0,4212.0,8559.0,6224.0,2202.0,416.0,134827.0,18585.0,1667.0,4590.0,795.0,1558.0,14789.0,1711.0,5877.0,759.0,9346.0,17488.0,6982.0,11423.0,11021.0,5586.0,95.0,6021.0,48939.0,35629.0,11298.0,1388.0,811489.0,105963.0,7628.0,25954.0,4551.0,4247.0,91505.0,9146.0,39255.0,5248.0,61873.0,107401.0,34902.0,74238.0,60980.0,45838.0,681.0,35127.0,1679.0,1118.0,421.0,33.0,26103.0,3473.0,206.0,1018.0,187.0,36.0,3118.0,292.0,1191.0,80.0,2235.0,2197.0,1120.0,2705.0,2240.0,2325.0,1322.0,1023.0,600.0,243.0,37.0,15944.0,2091.0,130.0,458.0,133.0,335.0,2343.0,128.0,717.0,47.0,1376.0,1323.0,597.0,2003.0,1274.0,992.0,11.0,698.0,702.0,373.0,172.0,29.0,11693.0,1375.0,88.0,253.0,69.0,34.0,1388.0,77.0,311.0,67.0,912.0,878.0,428.0,1499.0,934.0,459.0,459.0,80.0,62.0,16.0,896.0,134.0,13.0,28.0,49.0,15.0,15.0,97.0,91.0,43.0,115.0,119.0,55.0,31.0,1261.0,748.0,306.0,72.0,18075.0,2620.0,161.0,559.0,175.0,160.0,2272.0,192.0,854.0,56.0,1658.0,1756.0,760.0,2144.0,1617.0,697.0,16.0,967.0,32.0,19.0,319.0,44.0,17.0,40.0,29.0,22.0,18.0,45.0,47.0,26.0,16618.0,13586.0,3587.0,472.0,304913.0,34806.0,2969.0,10955.0,1561.0,547.0,33028.0,3997.0,15655.0,432.0,19688.0,46863.0,12842.0,26190.0,20513.0,19631.0,280.0,15055.0,236.0,127.0,82.0,3587.0,543.0,30.0,122.0,47.0,329.0,34.0,176.0,387.0,288.0,175.0,488.0,327.0,139.0,158.0,10957.0,7638.0,2838.0,225.0,172335.0,24643.0,1302.0,4299.0,1274.0,1193.0,20625.0,2129.0,10891.0,262.0,15354.0,18727.0,6991.0,18241.0,13921.0,9288.0,89.0,8841.0,1773.0,918.0,340.0,38.0,22653.0,3229.0,199.0,1019.0,125.0,48.0,2474.0,173.0,867.0,634.0,2091.0,2024.0,917.0,2748.0,2063.0,1306.0,28.0,1128.0,118.0,73.0,27.0,1261.0,208.0,12.0,36.0,118.0,29.0,27.0,39.0,111.0,137.0,55.0,157.0,175.0,48.0,27.0
2020-07-01,6490.0,5045.0,1232.0,119.0,108815.0,14915.0,1039.0,3473.0,422.0,337.0,11458.0,822.0,3869.0,3022.0,8894.0,17076.0,4479.0,9283.0,7753.0,5893.0,156.0,4225.0,8907.0,6345.0,2265.0,422.0,137111.0,18986.0,1788.0,4625.0,804.0,1605.0,15126.0,1728.0,5900.0,756.0,9550.0,17663.0,7118.0,11774.0,11359.0,5739.0,99.0,6071.0,52216.0,36226.0,11825.0,1417.0,829218.0,108495.0,8106.0,26139.0,4630.0,4319.0,93981.0,9275.0,39644.0,5262.0,64156.0,108608.0,35646.0,76679.0,64485.0,47266.0,672.0,35810.0,1741.0,1128.0,431.0,34.0,26501.0,3533.0,213.0,1027.0,193.0,39.0,3197.0,294.0,1199.0,83.0,2274.0,2201.0,1108.0,2759.0,2300.0,2380.0,1334.0,1074.0,604.0,249.0,37.0,16205.0,2142.0,136.0,454.0,136.0,339.0,2364.0,132.0,711.0,45.0,1407.0,1314.0,601.0,2035.0,1314.0,997.0,12.0,715.0,743.0,381.0,190.0,32.0,11939.0,1416.0,94.0,250.0,69.0,35.0,1390.0,78.0,318.0,70.0,945.0,886.0,440.0,1511.0,979.0,461.0,456.0,82.0,61.0,15.0,900.0,133.0,14.0,28.0,49.0,15.0,16.0,94.0,93.0,43.0,118.0,120.0,55.0,32.0,1324.0,755.0,318.0,74.0,18506.0,2676.0,170.0,563.0,177.0,163.0,2335.0,196.0,857.0,59.0,1723.0,1774.0,781.0,2218.0,1686.0,714.0,17.0,975.0,35.0,19.0,325.0,46.0,17.0,39.0,28.0,23.0,18.0,44.0,51.0,27.0,17764.0,13823.0,3748.0,482.0,312440.0,35905.0,3127.0,11043.0,1590.0,531.0,34290.0,4027.0,15843.0,430.0,21895.0,47371.0,13063.0,27386.0,21725.0,20332.0,271.0,15308.0,253.0,128.0,79.0,3651.0,552.0,32.0,126.0,50.0,330.0,33.0,186.0,395.0,288.0,177.0,492.0,339.0,138.0,156.0,12137.0,7752.0,3030.0,231.0,177870.0,25341.0,1397.0,4338.0,1291.0,1207.0,20985.0,2187.0,11129.0,267.0,15923.0,19172.0,7205.0,18834.0,15311.0,9714.0,89.0,9044.0,1832.0,924.0,365.0,37.0,22977.0,3235.0,219.0,1023.0,126.0,49.0,2529.0,172.0,867.0,636.0,2125.0,2022.0,923.0,2782.0,2141.0,1326.0,27.0,1139.0,123.0,70.0,28.0,1270.0,208.0,12.0,39.0,116.0,29.0,26.0,36.0,110.0,137.0,53.0,158.0,180.0,49.0,28.0
2020-08-01,6626.0,5071.0,1275.0,119.0,110119.0,14951.0,1062.0,3474.0,421.0,335.0,11588.0,828.0,3907.0,3005.0,9071.0,17154.0,4509.0,9396.0,7920.0,5967.0,157.0,4231.0,9125.0,6424.0,2292.0,426.0,139326.0,19269.0,1821.0,4643.0,811.0,1644.0,15288.0,1780.0,5992.0,777.0,9692.0,17813.0,7194.0,11967.0,11584.0,5787.0,99.0,6082.0,53909.0,36583.0,12176.0,1429.0,838662.0,110191.0,8423.0,26212.0,4690.0,4379.0,95080.0,9473.0,39928.0,5278.0,65583.0,109706.0,35966.0,77815.0,66555.0,48096.0,688.0,36006.0,1780.0,1124.0,439.0,34.0,26788.0,3523.0,224.0,1024.0,193.0,38.0,3235.0,297.0,1198.0,82.0,2281.0,2216.0,1127.0,2786.0,2347.0,2412.0,1343.0,1100.0,612.0,247.0,37.0,16283.0,2158.0,139.0,452.0,134.0,339.0,2367.0,131.0,708.0,48.0,1424.0,1322.0,606.0,2040.0,1336.0,1006.0,12.0,713.0,776.0,383.0,198.0,32.0,12104.0,1433.0,101.0,247.0,69.0,35.0,1393.0,77.0,317.0,64.0,965.0,885.0,455.0,1513.0,1022.0,472.0,456.0,82.0,61.0,15.0,907.0,135.0,14.0,30.0,50.0,15.0,16.0,96.0,93.0,43.0,117.0,121.0,58.0,32.0,1355.0,777.0,324.0,75.0,18760.0,2713.0,170.0,563.0,180.0,165.0,2353.0,195.0,867.0,54.0,1746.0,1776.0,789.0,2239.0,1714.0,720.0,17.0,982.0,34.0,20.0,335.0,47.0,18.0,43.0,28.0,24.0,19.0,45.0,51.0,28.0,18685.0,13995.0,3916.0,484.0,316905.0,36792.0,3288.0,11089.0,1613.0,544.0,34851.0,4091.0,16047.0,433.0,22385.0,48038.0,13274.0,27891.0,22713.0,20764.0,283.0,15458.0,261.0,129.0,79.0,3702.0,555.0,31.0,124.0,51.0,332.0,33.0,184.0,398.0,294.0,177.0,493.0,346.0,139.0,154.0,12517.0,7838.0,3076.0,236.0,181071.0,25772.0,1424.0,4370.0,1299.0,1219.0,21143.0,2231.0,11203.0,271.0,16183.0,19484.0,7278.0,19016.0,15737.0,9961.0,87.0,9170.0,1870.0,916.0,379.0,37.0,23277.0,3266.0,222.0,1018.0,130.0,48.0,2539.0,175.0,875.0,653.0,2160.0,2025.0,927.0,2812.0,2206.0,1343.0,26.0,1137.0,127.0,74.0,28.0,1281.0,207.0,14.0,35.0,117.0,29.0,29.0,36.0,112.0,134.0,53.0,159.0,187.0,50.0,29.0
2020-09-01,6749.0,5129.0,1297.0,122.0,111695.0,15181.0,1082.0,3496.0,426.0,332.0,11696.0,838.0,3925.0,3022.0,9215.0,17246.0,4558.0,9531.0,8059.0,6009.0,161.0,4232.0,9295.0,6509.0,2355.0,436.0,141058.0,19505.0,1858.0,4666.0,827.0,1636.0,15426.0,1814.0,6079.0,765.0,9817.0,18001.0,7286.0,12184.0,11840.0,5834.0,97.0,6122.0,56016.0,37100.0,12745.0,1451.0,854580.0,112203.0,8723.0,26392.0,4761.0,4413.0,96386.0,9666.0,40315.0,5299.0,66614.0,110765.0,36599.0,79636.0,68772.0,48491.0,695.0,36526.0,1810.0,1120.0,459.0,35.0,27112.0,3555.0,222.0,1022.0,196.0,38.0,3261.0,297.0,1207.0,82.0,2307.0,2230.0,1140.0,2812.0,2401.0,2441.0,1346.0,1125.0,609.0,262.0,38.0,16556.0,2194.0,143.0,452.0,138.0,346.0,2385.0,131.0,716.0,47.0,1452.0,1349.0,611.0,2058.0,1359.0,1014.0,11.0,716.0,790.0,389.0,213.0,31.0,12255.0,1455.0,101.0,256.0,71.0,35.0,1414.0,76.0,321.0,65.0,984.0,891.0,449.0,1536.0,1041.0,462.0,458.0,83.0,63.0,17.0,926.0,137.0,15.0,28.0,50.0,16.0,16.0,97.0,99.0,46.0,121.0,121.0,59.0,31.0,1391.0,776.0,354.0,75.0,19052.0,2739.0,181.0,568.0,180.0,165.0,2370.0,196.0,868.0,58.0,1749.0,1788.0,792.0,2257.0,1756.0,726.0,17.0,986.0,34.0,21.0,335.0,46.0,18.0,43.0,29.0,24.0,18.0,46.0,51.0,27.0,19495.0,14183.0,4054.0,487.0,323731.0,37465.0,3412.0,11171.0,1641.0,549.0,35386.0,4169.0,16227.0,434.0,22745.0,48489.0,13519.0,28513.0,23528.0,21072.0,291.0,15640.0,266.0,131.0,88.0,3752.0,563.0,33.0,128.0,53.0,335.0,33.0,184.0,406.0,297.0,174.0,497.0,355.0,141.0,154.0,13278.0,7937.0,3289.0,243.0,185775.0,26175.0,1506.0,4408.0,1312.0,1251.0,21540.0,2289.0,11418.0,272.0,16580.0,19882.0,7409.0,19484.0,16590.0,10185.0,89.0,9330.0,1914.0,936.0,395.0,36.0,23561.0,3294.0,235.0,1023.0,134.0,51.0,2566.0,171.0,876.0,661.0,2186.0,2035.0,930.0,2852.0,2261.0,1337.0,25.0,1152.0,124.0,73.0,29.0,1284.0,211.0,15.0,34.0,117.0,31.0,30.0,38.0,108.0,138.0,52.0,158.0,182.0,51.0,28.0
2020-10-01,6861.0,5170.0,1321.0,126.0,112711.0,15291.0,1102.0,3511.0,433.0,345.0,11785.0,844.0,3955.0,3035.0,9333.0,17428.0,4648.0,9614.0,8169.0,6067.0,160.0,4243.0,9440.0,6611.0,2393.0,434.0,142835.0,19822.0,1885.0,4685.0,837.0,1648.0,15617.0,1860.0,6128.0,761.0,9937.0,18204.0,7366.0,12352.0,12039.0,5870.0,92.0,6161.0,57128.0,37587.0,13104.0,1463.0,857217.0,113651.0,8925.0,26515.0,4824.0,4454.0,97256.0,9818.0,40761.0,5317.0,67517.0,111943.0,36763.0,81007.0,70176.0,49008.0,689.0,36746.0,1851.0,1134.0,473.0,35.0,27359.0,3593.0,224.0,1030.0,191.0,40.0,3290.0,296.0,1214.0,84.0,2339.0,2254.0,1148.0,2840.0,2446.0,2449.0,1353.0,1146.0,608.0,292.0,39.0,16715.0,2211.0,144.0,456.0,141.0,349.0,2397.0,130.0,724.0,49.0,1469.0,1354.0,615.0,2083.0,1389.0,1028.0,12.0,717.0,830.0,398.0,212.0,33.0,12474.0,1481.0,99.0,252.0,71.0,34.0,1418.0,78.0,323.0,67.0,1000.0,895.0,461.0,1555.0,1086.0,468.0,459.0,83.0,63.0,16.0,920.0,134.0,13.0,28.0,49.0,16.0,16.0,96.0,99.0,45.0,121.0,124.0,59.0,32.0,1420.0,782.0,376.0,75.0,19259.0,2758.0,181.0,573.0,180.0,169.0,2374.0,196.0,879.0,57.0,1762.0,1804.0,810.0,2276.0,1796.0,724.0,17.0,991.0,35.0,21.0,339.0,46.0,17.0,43.0,28.0,25.0,19.0,46.0,53.0,27.0,19982.0,14376.0,4160.0,491.0,323862.0,38081.0,3514.0,11249.0,1662.0,552.0,35802.0,4228.0,16416.0,433.0,23186.0,48984.0,13665.0,28934.0,24072.0,21338.0,290.0,15786.0,276.0,136.0,91.0,3810.0,569.0,35.0,127.0,55.0,337.0,34.0,185.0,409.0,305.0,177.0,500.0,371.0,141.0,155.0,13430.0,8038.0,3381.0,247.0,188320.0,26481.0,1527.0,4448.0,1323.0,1254.0,21690.0,2308.0,11534.0,275.0,16784.0,20162.0,7502.0,19759.0,16839.0,10362.0,89.0,9370.0,1923.0,949.0,409.0,39.0,23763.0,3333.0,236.0,1020.0,131.0,50.0,2591.0,177.0,880.0,656.0,2203.0,2038.0,938.0,2869.0,2296.0,1343.0,25.0,1148.0,126.0,76.0,31.0,1295.0,213.0,14.0,33.0,117.0,32.0,29.0,41.0,109.0,139.0,54.0,156.0,187.0,51.0,28.0
2020-11-01,6954.0,5179.0,1348.0,124.0,113048.0,15375.0,1108.0,3513.0,432.0,339.0,11861.0,849.0,3941.0,3054.0,9388.0,17485.0,4628.0,9621.0,8297.0,6070.0,156.0,4242.0,9542.0,6693.0,2428.0,439.0,143247.0,19924.0,1898.0,4719.0,846.0,1674.0,15716.0,1889.0,6163.0,784.0,10005.0,18392.0,7392.0,12412.0,12189.0,5895.0,99.0,6177.0,57585.0,37913.0,13354.0,1467.0,859426.0,114524.0,9061.0,26640.0,4854.0,4482.0,97855.0,9980.0,40657.0,5354.0,67969.0,113006.0,36982.0,81887.0,71149.0,49070.0,691.0,36854.0,1844.0,1127.0,462.0,34.0,27338.0,3605.0,226.0,1034.0,194.0,38.0,3304.0,298.0,1216.0,84.0,2295.0,2265.0,1138.0,2830.0,2435.0,2466.0,1339.0,1165.0,616.0,283.0,39.0,16787.0,2225.0,144.0,461.0,140.0,345.0,2393.0,134.0,729.0,49.0,1475.0,1368.0,621.0,2088.0,1411.0,1021.0,11.0,717.0,837.0,387.0,210.0,30.0,12335.0,1484.0,99.0,251.0,75.0,34.0,1442.0,78.0,326.0,67.0,994.0,896.0,465.0,1542.0,1100.0,467.0,460.0,83.0,65.0,15.0,917.0,132.0,15.0,28.0,48.0,16.0,16.0,92.0,103.0,45.0,124.0,123.0,62.0,32.0,1487.0,788.0,389.0,76.0,19372.0,2759.0,183.0,570.0,181.0,169.0,2378.0,198.0,877.0,60.0,1768.0,1817.0,818.0,2270.0,1853.0,733.0,17.0,993.0,35.0,19.0,338.0,45.0,18.0,44.0,27.0,25.0,20.0,46.0,53.0,27.0,20273.0,14492.0,4271.0,488.0,325095.0,38584.0,3576.0,11284.0,1681.0,549.0,36063.0,4307.0,16447.0,434.0,23141.0,49582.0,13804.0,28931.0,24481.0,21450.0,291.0,15874.0,295.0,130.0,94.0,3846.0,573.0,35.0,127.0,55.0,337.0,35.0,185.0,413.0,306.0,178.0,508.0,389.0,141.0,152.0,13328.0,8104.0,3398.0,247.0,188938.0,26741.0,1520.0,4472.0,1327.0,1255.0,21722.0,2328.0,11564.0,277.0,16872.0,20435.0,7460.0,19899.0,16944.0,10419.0,90.0,9403.0,1936.0,962.0,415.0,40.0,23795.0,3339.0,238.0,1021.0,127.0,51.0,2602.0,183.0,870.0,635.0,2207.0,2044.0,939.0,2892.0,2307.0,1353.0,24.0,1146.0,130.0,76.0,31.0,1304.0,211.0,14.0,35.0,118.0,31.0,30.0,39.0,109.0,139.0,53.0,158.0,191.0,53.0,28.0
2020-12-01,6995.0,5251.0,1364.0,125.0,114672.0,15554.0,1128.0,3522.0,447.0,341.0,11945.0,856.0,3989.0,3069.0,9427.0,17615.0,4672.0,9781.0,8301.0,6172.0,161.0,4257.0,9632.0,6775.0,2490.0,449.0,146327.0,20314.0,1916.0,4726.0,852.0,1683.0,15808.0,1922.0,6214.0,789.0,10120.0,18586.0,7513.0,12589.0,12330.0,6043.0,102.0,6205.0,57798.0,38424.0,13433.0,1481.0,868366.0,116313.0,9184.0,26732.0,4911.0,4508.0,98463.0,10107.0,40848.0,5367.0,68349.0,114102.0,37315.0,82660.0,71414.0,49777.0,699.0,37116.0,1843.0,1141.0,461.0,34.0,27470.0,3636.0,233.0,1032.0,193.0,40.0,3309.0,298.0,1218.0,86.0,2231.0,2279.0,1141.0,2823.0,2420.0,2484.0,1338.0,1163.0,618.0,273.0,40.0,16878.0,2250.0,145.0,462.0,141.0,349.0,2409.0,128.0,736.0,49.0,1485.0,1383.0,629.0,2090.0,1400.0,1018.0,12.0,718.0,846.0,390.0,216.0,30.0,12481.0,1505.0,101.0,251.0,73.0,34.0,1437.0,80.0,327.0,66.0,1002.0,908.0,469.0,1581.0,1120.0,470.0,462.0,85.0,65.0,15.0,921.0,133.0,15.0,28.0,48.0,16.0,16.0,97.0,101.0,43.0,128.0,125.0,62.0,31.0,1514.0,797.0,395.0,77.0,19814.0,2807.0,189.0,577.0,185.0,171.0,2407.0,198.0,891.0,56.0,1778.0,1817.0,822.0,2303.0,1873.0,742.0,17.0,1001.0,33.0,19.0,333.0,45.0,16.0,43.0,27.0,25.0,20.0,46.0,52.0,27.0,20503.0,14672.0,4300.0,493.0,328716.0,39170.0,3628.0,11333.0,1706.0,558.0,36310.0,4352.0,16559.0,436.0,23081.0,50061.0,13975.0,29168.0,24710.0,21857.0,291.0,15986.0,293.0,126.0,93.0,3898.0,586.0,37.0,126.0,56.0,341.0,36.0,189.0,416.0,312.0,182.0,505.0,391.0,141.0,154.0,13008.0,8186.0,3410.0,247.0,190692.0,26983.0,1523.0,4490.0,1341.0,1256.0,21850.0,2349.0,11615.0,278.0,16951.0,20755.0,7532.0,20094.0,16547.0,10511.0,90.0,9480.0,1963.0,979.0,423.0,39.0,24185.0,3394.0,239.0,1026.0,129.0,56.0,2620.0,186.0,889.0,652.0,2281.0,2064.0,943.0,2931.0,2358.0,1361.0,24.0,1149.0,131.0,76.0,30.0,1315.0,217.0,13.0,35.0,119.0,31.0,28.0,39.0,110.0,139.0,53.0,158.0,193.0,57.0,29.0
2021-01-01,7063.0,5282.0,1310.0,127.0,116111.0,15720.0,1145.0,3544.0,442.0,341.0,12028.0,858.0,4015.0,3078.0,9488.0,18034.0,4708.0,9868.0,8356.0,6335.0,158.0,4278.0,9729.0,6859.0,2495.0,450.0,148980.0,20763.0,1938.0,4757.0,856.0,1720.0,15954.0,1941.0,6295.0,800.0,10256.0,18850.0,7620.0,12764.0,12534.0,6109.0,103.0,6248.0,58173.0,38819.0,13433.0,1493.0,873884.0,118177.0,9299.0,26900.0,4960.0,4550.0,98949.0,10203.0,41193.0,5408.0,67323.0,115637.0,37589.0,83057.0,71833.0,50782.0,697.0,37246.0,1842.0,1149.0,449.0,34.0,27568.0,3678.0,227.0,1035.0,193.0,45.0,3314.0,295.0,1216.0,87.0,2115.0,2307.0,1145.0,2836.0,2437.0,2515.0,1337.0,1183.0,621.0,275.0,41.0,17009.0,2267.0,147.0,463.0,141.0,354.0,2417.0,128.0,739.0,49.0,1487.0,1386.0,638.0,2106.0,1428.0,1039.0,12.0,719.0,863.0,392.0,216.0,30.0,12562.0,1543.0,99.0,257.0,73.0,34.0,1432.0,79.0,330.0,64.0,995.0,911.0,469.0,1586.0,1129.0,470.0,464.0,89.0,65.0,16.0,937.0,134.0,15.0,28.0,51.0,17.0,17.0,99.0,104.0,47.0,129.0,132.0,60.0,30.0,1521.0,807.0,385.0,78.0,19950.0,2858.0,190.0,575.0,185.0,173.0,2395.0,197.0,902.0,55.0,1788.0,1824.0,833.0,2315.0,1870.0,740.0,19.0,999.0,34.0,19.0,334.0,45.0,13.0,43.0,27.0,27.0,20.0,47.0,51.0,28.0,20680.0,14979.0,4317.0,499.0,330399.0,39763.0,3672.0,11383.0,1726.0,562.0,36532.0,4390.0,16710.0,439.0,21943.0,50881.0,14097.0,29334.0,24915.0,22870.0,287.0,16047.0,296.0,131.0,94.0,3936.0,601.0,38.0,123.0,58.0,336.0,36.0,191.0,417.0,316.0,184.0,509.0,392.0,141.0,157.0,12877.0,8222.0,3413.0,250.0,191314.0,27440.0,1524.0,4516.0,1348.0,1247.0,21890.0,2374.0,11641.0,282.0,16558.0,20890.0,7555.0,19893.0,16499.0,10576.0,88.0,9491.0,1990.0,993.0,432.0,39.0,24501.0,3420.0,243.0,1049.0,131.0,51.0,2642.0,186.0,890.0,662.0,2304.0,2068.0,945.0,2958.0,2390.0,1379.0,25.0,1157.0,133.0,77.0,30.0,1323.0,219.0,14.0,36.0,119.0,31.0,28.0,36.0,111.0,141.0,54.0,159.0,195.0,55.0,28.0
2021-02-01,7115.0,5307.0,1306.0,126.0,116170.0,15846.0,1151.0,3539.0,447.0,341.0,12057.0,858.0,4034.0,3085.0,9660.0,17862.0,4733.0,9922.0,8397.0,6266.0,157.0,4278.0,9839.0,6896.0,2510.0,454.0,149528.0,20889.0,1958.0,4783.0,863.0,1716.0,15959.0,1966.0,6319.0,809.0,10287.0,18849.0,7694.0,12862.0,12505.0,6166.0,104.0,6260.0,58606.0,38927.0,13435.0,1509.0,879345.0,118390.0,9368.0,26978.0,4992.0,4548.0,99174.0,10233.0,41394.0,5425.0,68656.0,115936.0,37996.0,83446.0,72191.0,50555.0,703.0,37308.0,1882.0,1144.0,457.0,34.0,27718.0,3703.0,229.0,1033.0,190.0,44.0,3292.0,293.0,1216.0,88.0,2292.0,2315.0,1151.0,2869.0,2485.0,2514.0,1343.0,1197.0,625.0,271.0,40.0,17017.0,2281.0,146.0,464.0,141.0,350.0,2411.0,127.0,746.0,49.0,1486.0,1396.0,652.0,2113.0,1445.0,1041.0,12.0,719.0,852.0,391.0,218.0,28.0,12526.0,1509.0,98.0,259.0,74.0,32.0,1425.0,78.0,329.0,63.0,1006.0,925.0,470.0,1595.0,1133.0,477.0,462.0,88.0,66.0,17.0,940.0,136.0,15.0,29.0,49.0,17.0,17.0,100.0,102.0,48.0,127.0,133.0,59.0,30.0,1533.0,809.0,385.0,82.0,19992.0,2880.0,192.0,578.0,187.0,172.0,2391.0,197.0,911.0,51.0,1807.0,1840.0,835.0,2327.0,1884.0,743.0,18.0,1004.0,33.0,19.0,332.0,44.0,14.0,43.0,27.0,27.0,21.0,48.0,50.0,28.0,20875.0,14930.0,4317.0,503.0,332492.0,39875.0,3700.0,11440.0,1739.0,563.0,36599.0,4416.0,16778.0,444.0,21898.0,50963.0,14220.0,29518.0,25073.0,22190.0,294.0,16061.0,296.0,131.0,95.0,3956.0,593.0,38.0,123.0,58.0,342.0,34.0,194.0,421.0,317.0,186.0,516.0,394.0,142.0,159.0,12847.0,8253.0,3394.0,249.0,191959.0,27319.0,1540.0,4494.0,1357.0,1266.0,21926.0,2393.0,11657.0,285.0,16986.0,20966.0,7633.0,20094.0,16597.0,10589.0,88.0,9512.0,2020.0,996.0,432.0,42.0,24587.0,3462.0,247.0,1039.0,132.0,50.0,2659.0,187.0,896.0,661.0,2300.0,2083.0,953.0,2983.0,2433.0,1381.0,25.0,1161.0,132.0,77.0,30.0,1331.0,219.0,14.0,33.0,122.0,32.0,31.0,38.0,111.0,143.0,55.0,159.0,193.0,55.0,28.0
2021-03-01,7155.0,5348.0,1315.0,126.0,116543.0,15980.0,1172.0,3554.0,451.0,345.0,12106.0,847.0,4042.0,3092.0,9694.0,17986.0,4772.0,9959.0,8432.0,6229.0,162.0,4312.0,9907.0,6944.0,2542.0,462.0,150139.0,21039.0,1988.0,4840.0,872.0,1721.0,15997.0,2011.0,6347.0,836.0,10337.0,19028.0,7784.0,12938.0,12539.0,6170.0,106.0,6375.0,58869.0,39150.0,13450.0,1528.0,889717.0,119050.0,9411.0,27119.0,5037.0,4572.0,99346.0,10322.0,41797.0,5473.0,68996.0,117064.0,38359.0,83779.0,72383.0,50669.0,712.0,37426.0,1908.0,1160.0,469.0,35.0,27807.0,3745.0,235.0,1032.0,192.0,39.0,3303.0,302.0,1222.0,89.0,2339.0,2334.0,1162.0,2888.0,2509.0,2536.0,1341.0,1212.0,638.0,269.0,43.0,17058.0,2324.0,148.0,466.0,141.0,355.0,2424.0,128.0,758.0,48.0,1488.0,1401.0,644.0,2133.0,1455.0,1045.0,12.0,720.0,840.0,402.0,218.0,28.0,12511.0,1527.0,100.0,260.0,76.0,32.0,1424.0,78.0,330.0,65.0,1011.0,939.0,478.0,1600.0,1127.0,480.0,464.0,93.0,68.0,18.0,950.0,140.0,16.0,29.0,50.0,17.0,17.0,101.0,106.0,46.0,129.0,136.0,61.0,30.0,1548.0,810.0,388.0,80.0,20110.0,2954.0,195.0,579.0,189.0,174.0,2399.0,202.0,916.0,54.0,1824.0,1853.0,845.0,2352.0,1893.0,746.0,17.0,1002.0,33.0,19.0,335.0,45.0,15.0,45.0,27.0,27.0,19.0,49.0,50.0,28.0,21075.0,14998.0,4361.0,510.0,336730.0,40104.0,3723.0,11498.0,1766.0,568.0,36662.0,4448.0,16890.0,444.0,22431.0,51400.0,14306.0,29937.0,25276.0,21884.0,301.0,16107.0,299.0,134.0,97.0,3964.0,594.0,39.0,121.0,59.0,346.0,36.0,200.0,421.0,322.0,186.0,525.0,395.0,142.0,160.0,12819.0,8391.0,3340.0,251.0,192464.0,27449.0,1537.0,4575.0,1360.0,1279.0,22045.0,2424.0,11681.0,290.0,17004.0,21073.0,7771.0,20135.0,16295.0,10586.0,88.0,9538.0,2037.0,1005.0,436.0,43.0,24654.0,3505.0,252.0,1038.0,135.0,48.0,2686.0,186.0,906.0,665.0,2307.0,2112.0,957.0,3032.0,2435.0,1389.0,24.0,1166.0,130.0,79.0,28.0,1338.0,220.0,15.0,35.0,123.0,31.0,32.0,41.0,112.0,145.0,55.0,158.0,193.0,54.0,28.0
2021-04-01,7159.0,5381.0,1310.0,128.0,116641.0,16074.0,1182.0,3549.0,452.0,354.0,12151.0,861.0,4040.0,3138.0,9606.0,18135.0,4776.0,9982.0,8416.0,6310.0,158.0,4308.0,9837.0,6953.0,2589.0,470.0,150328.0,21049.0,2034.0,4880.0,877.0,1735.0,16036.0,2030.0,6335.0,826.0,10311.0,19176.0,7864.0,12940.0,12551.0,6184.0,107.0,6403.0,58973.0,39380.0,13496.0,1550.0,898865.0,119324.0,9463.0,27301.0,5055.0,4591.0,99528.0,10378.0,42101.0,5523.0,69082.0,118009.0,38783.0,83842.0,72455.0,51174.0,712.0,37428.0,1919.0,1183.0,471.0,34.0,27888.0,3732.0,242.0,1033.0,192.0,37.0,3306.0,301.0,1227.0,90.0,2363.0,2341.0,1167.0,2884.0,2514.0,2562.0,1345.0,1201.0,657.0,270.0,45.0,17020.0,2292.0,148.0,466.0,141.0,355.0,2419.0,123.0,758.0,49.0,1484.0,1411.0,641.0,2117.0,1463.0,1052.0,13.0,722.0,839.0,406.0,226.0,28.0,12491.0,1533.0,101.0,260.0,78.0,30.0,1416.0,79.0,332.0,61.0,1006.0,941.0,483.0,1597.0,1130.0,480.0,462.0,90.0,68.0,18.0,962.0,137.0,16.0,30.0,51.0,16.0,17.0,100.0,108.0,47.0,129.0,138.0,61.0,30.0,1541.0,818.0,391.0,80.0,20092.0,2936.0,200.0,592.0,190.0,176.0,2388.0,204.0,914.0,53.0,1837.0,1878.0,843.0,2340.0,1896.0,750.0,18.0,998.0,33.0,19.0,332.0,45.0,15.0,45.0,27.0,24.0,19.0,48.0,50.0,29.0,21098.0,15085.0,4371.0,509.0,340707.0,40210.0,3729.0,11551.0,1774.0,568.0,36698.0,4465.0,16880.0,449.0,22119.0,51832.0,14350.0,30235.0,25287.0,22059.0,299.0,16106.0,300.0,135.0,98.0,3964.0,595.0,39.0,121.0,60.0,344.0,33.0,201.0,419.0,324.0,194.0,534.0,400.0,142.0,161.0,12837.0,8466.0,3408.0,254.0,193036.0,27691.0,1603.0,4612.0,1363.0,1305.0,22105.0,2481.0,11708.0,286.0,17025.0,21178.0,7924.0,20178.0,16477.0,10634.0,89.0,9541.0,2042.0,998.0,434.0,44.0,24672.0,3570.0,255.0,1043.0,137.0,51.0,2672.0,189.0,909.0,667.0,2318.0,2131.0,959.0,3026.0,2435.0,1396.0,25.0,1173.0,136.0,77.0,29.0,1346.0,218.0,14.0,34.0,124.0,31.0,30.0,39.0,111.0,144.0,55.0,158.0,194.0,53.0,28.0
2021-05-01,7161.0,5382.0,1278.0,130.0,116786.0,16097.0,1186.0,3560.0,453.0,343.0,12144.0,863.0,4044.0,3150.0,9604.0,18196.0,4795.0,9992.0,8374.0,6324.0,161.0,4312.0,9794.0,6975.0,2602.0,473.0,150523.0,21123.0,2058.0,4898.0,881.0,1725.0,16059.0,2044.0,6316.0,828.0,10341.0,19271.0,7919.0,12925.0,12501.0,6181.0,107.0,6416.0,58637.0,39458.0,13411.0,1561.0,903434.0,118803.0,9497.0,27424.0,5062.0,4608.0,99679.0,10463.0,42219.0,5552.0,68553.0,118713.0,38916.0,83873.0,72037.0,51530.0,713.0,37462.0,1930.0,1184.0,476.0,34.0,27951.0,3742.0,244.0,1035.0,190.0,37.0,3331.0,304.0,1225.0,90.0,2375.0,2355.0,1166.0,2887.0,2525.0,2583.0,1349.0,1183.0,644.0,268.0,46.0,16979.0,2294.0,150.0,462.0,141.0,364.0,2414.0,123.0,758.0,48.0,1481.0,1409.0,646.0,2119.0,1440.0,1054.0,13.0,720.0,841.0,409.0,225.0,28.0,12494.0,1538.0,101.0,264.0,76.0,34.0,1426.0,81.0,332.0,63.0,1008.0,944.0,487.0,1598.0,1130.0,477.0,461.0,91.0,69.0,18.0,956.0,138.0,16.0,30.0,50.0,16.0,17.0,98.0,104.0,47.0,129.0,138.0,58.0,29.0,1444.0,815.0,377.0,81.0,19662.0,2875.0,200.0,593.0,187.0,171.0,2386.0,205.0,909.0,53.0,1824.0,1867.0,840.0,2316.0,1865.0,750.0,18.0,999.0,33.0,18.0,328.0,43.0,15.0,44.0,27.0,24.0,18.0,47.0,51.0,29.0,20993.0,15138.0,4322.0,511.0,342835.0,40289.0,3749.0,11610.0,1777.0,578.0,36764.0,4495.0,16839.0,448.0,21645.0,52224.0,14387.0,30375.0,25124.0,22225.0,298.0,16112.0,295.0,134.0,99.0,3937.0,597.0,39.0,120.0,62.0,344.0,35.0,202.0,422.0,321.0,190.0,524.0,393.0,143.0,160.0,12843.0,8465.0,3401.0,254.0,193338.0,27571.0,1623.0,4633.0,1369.0,1322.0,22169.0,2491.0,11687.0,286.0,16912.0,21266.0,7953.0,20179.0,16492.0,10627.0,87.0,9579.0,2052.0,1002.0,428.0,41.0,24674.0,3549.0,256.0,1048.0,141.0,50.0,2676.0,194.0,913.0,679.0,2326.0,2148.0,961.0,3036.0,2430.0,1402.0,25.0,1172.0,130.0,76.0,28.0,1346.0,219.0,15.0,32.0,125.0,31.0,31.0,41.0,111.0,144.0,56.0,159.0,188.0,55.0,27.0
2021-06-01,7184.0,5386.0,1343.0,141.0,117075.0,16100.0,1195.0,3550.0,461.0,333.0,12095.0,866.0,4087.0,3144.0,9548.0,18202.0,4798.0,10025.0,8490.0,6297.0,163.0,4306.0,9870.0,6976.0,2614.0,465.0,151194.0,21221.0,2081.0,4900.0,886.0,1725.0,16086.0,2061.0,6361.0,830.0,10396.0,19321.0,7952.0,13028.0,12594.0,6198.0,109.0,6396.0,59293.0,39493.0,13319.0,1581.0,907319.0,119659.0,9499.0,27409.0,5080.0,4584.0,99586.0,10491.0,42365.0,5554.0,67440.0,119132.0,39146.0,83959.0,72349.0,51448.0,715.0,37540.0,1915.0,1185.0,474.0,34.0,27945.0,3749.0,246.0,1014.0,191.0,40.0,3303.0,307.0,1231.0,91.0,2274.0,2370.0,1155.0,2887.0,2509.0,2560.0,1347.0,1193.0,640.0,262.0,47.0,16979.0,2273.0,149.0,455.0,141.0,349.0,2418.0,123.0,756.0,48.0,1482.0,1413.0,643.0,2123.0,1430.0,1053.0,12.0,722.0,832.0,413.0,224.0,29.0,12475.0,1500.0,104.0,265.0,77.0,30.0,1430.0,82.0,333.0,66.0,1002.0,945.0,486.0,1593.0,1117.0,473.0,462.0,93.0,68.0,16.0,957.0,134.0,15.0,30.0,52.0,17.0,16.0,97.0,109.0,50.0,130.0,139.0,60.0,29.0,1461.0,819.0,361.0,81.0,19645.0,2861.0,202.0,586.0,188.0,176.0,2388.0,206.0,903.0,53.0,1847.0,1868.0,837.0,2328.0,1863.0,749.0,18.0,999.0,33.0,19.0,331.0,44.0,17.0,45.0,27.0,25.0,18.0,46.0,51.0,29.0,21042.0,15151.0,4188.0,520.0,344802.0,40425.0,3706.0,11611.0,1784.0,556.0,36685.0,4497.0,16934.0,460.0,20659.0,52443.0,14434.0,30502.0,25162.0,22221.0,301.0,16081.0,290.0,135.0,96.0,3926.0,601.0,39.0,124.0,61.0,342.0,34.0,198.0,419.0,323.0,188.0,522.0,384.0,142.0,161.0,13607.0,8482.0,3418.0,263.0,193791.0,27621.0,1643.0,4659.0,1374.0,1323.0,22173.0,2501.0,11744.0,287.0,17152.0,21321.0,8005.0,20213.0,16789.0,10621.0,88.0,9589.0,2049.0,1005.0,436.0,46.0,24686.0,3536.0,256.0,1047.0,140.0,50.0,2684.0,188.0,912.0,672.0,2347.0,2160.0,946.0,3041.0,2413.0,1391.0,25.0,1179.0,130.0,76.0,29.0,1358.0,221.0,15.0,34.0,126.0,32.0,32.0,40.0,111.0,147.0,55.0,162.0,192.0,56.0,27.0
2021-07-01,7211.0,5384.0,1358.0,136.0,117428.0,16043.0,1204.0,3569.0,458.0,335.0,12194.0,866.0,4069.0,3147.0,9606.0,18279.0,4811.0,10045.0,8545.0,6293.0,164.0,4304.0,9915.0,6983.0,2610.0,472.0,151386.0,21248.0,2109.0,4855.0,890.0,1731.0,16129.0,2068.0,6379.0,830.0,10393.0,19449.0,7986.0,13018.0,12633.0,6175.0,108.0,6385.0,59844.0,39586.0,13565.0,1589.0,909832.0,119843.0,9665.0,27482.0,5108.0,4598.0,100007.0,10546.0,42388.0,5566.0,68896.0,119814.0,39329.0,84178.0,73032.0,51360.0,712.0,37578.0,1914.0,1184.0,475.0,36.0,28050.0,3747.0,250.0,1033.0,193.0,39.0,3348.0,302.0,1227.0,92.0,2304.0,2377.0,1178.0,2889.0,2509.0,2560.0,1347.0,1191.0,633.0,259.0,48.0,16992.0,2261.0,149.0,459.0,145.0,341.0,2418.0,128.0,756.0,48.0,1479.0,1420.0,634.0,2112.0,1418.0,1053.0,12.0,723.0,848.0,416.0,222.0,29.0,12449.0,1489.0,105.0,268.0,77.0,29.0,1431.0,82.0,331.0,64.0,990.0,940.0,488.0,1582.0,1121.0,478.0,463.0,93.0,73.0,18.0,966.0,136.0,13.0,30.0,51.0,18.0,16.0,95.0,107.0,51.0,132.0,138.0,59.0,29.0,1503.0,816.0,367.0,80.0,19779.0,2914.0,207.0,579.0,189.0,175.0,2392.0,205.0,912.0,51.0,1843.0,1863.0,837.0,2332.0,1886.0,749.0,18.0,987.0,32.0,18.0,329.0,43.0,15.0,43.0,27.0,26.0,20.0,44.0,49.0,26.0,21299.0,15226.0,4378.0,513.0,347253.0,40563.0,3802.0,11659.0,1797.0,553.0,36865.0,4534.0,17010.0,468.0,23687.0,52782.0,14556.0,30794.0,25513.0,22285.0,298.0,16068.0,279.0,134.0,94.0,3902.0,601.0,38.0,119.0,62.0,341.0,35.0,198.0,416.0,323.0,187.0,518.0,375.0,143.0,163.0,13672.0,8482.0,3445.0,273.0,194351.0,27708.0,1663.0,4673.0,1380.0,1326.0,22216.0,2505.0,11785.0,289.0,17121.0,21442.0,7997.0,20251.0,16991.0,10646.0,88.0,9572.0,2068.0,1001.0,437.0,49.0,24768.0,3534.0,256.0,1048.0,140.0,54.0,2679.0,192.0,917.0,676.0,2338.0,2168.0,959.0,3039.0,2454.0,1395.0,25.0,1172.0,130.0,77.0,30.0,1355.0,226.0,15.0,32.0,126.0,32.0,32.0,42.0,110.0,144.0,55.0,159.0,191.0,54.0,27.0
2021-08-01,7272.0,5373.0,1356.0,137.0,117508.0,15971.0,1210.0,3563.0,454.0,335.0,12251.0,861.0,4057.0,3122.0,9633.0,18223.0,4792.0,10058.0,8607.0,6244.0,162.0,4297.0,9958.0,7007.0,2613.0,476.0,151582.0,21244.0,2094.0,4856.0,893.0,1730.0,16168.0,2088.0,6424.0,824.0,10414.0,19453.0,7973.0,13038.0,12686.0,6188.0,109.0,6380.0,59930.0,39619.0,13614.0,1597.0,907375.0,120148.0,9696.0,27425.0,5119.0,4570.0,100254.0,10582.0,42256.0,5535.0,69431.0,119546.0,39302.0,84276.0,73306.0,51141.0,710.0,37550.0,1913.0,1179.0,473.0,39.0,28021.0,3747.0,251.0,1028.0,191.0,40.0,3330.0,302.0,1226.0,91.0,2324.0,2371.0,1165.0,2884.0,2500.0,2551.0,1338.0,1188.0,629.0,261.0,48.0,16977.0,2260.0,149.0,458.0,147.0,337.0,2419.0,129.0,755.0,47.0,1475.0,1424.0,641.0,2119.0,1416.0,1042.0,12.0,719.0,848.0,410.0,212.0,30.0,12442.0,1481.0,103.0,268.0,78.0,29.0,1428.0,82.0,333.0,67.0,992.0,936.0,481.0,1589.0,1109.0,471.0,461.0,94.0,69.0,18.0,949.0,133.0,13.0,30.0,50.0,17.0,16.0,95.0,103.0,50.0,130.0,136.0,57.0,28.0,1526.0,815.0,370.0,81.0,19838.0,2913.0,210.0,579.0,189.0,176.0,2387.0,206.0,912.0,51.0,1836.0,1875.0,821.0,2347.0,1901.0,746.0,18.0,993.0,32.0,18.0,343.0,44.0,18.0,46.0,26.0,25.0,21.0,47.0,50.0,28.0,21393.0,15252.0,4403.0,516.0,346449.0,40674.0,3828.0,11638.0,1795.0,531.0,36995.0,4523.0,16990.0,471.0,23749.0,52650.0,14602.0,30775.0,25605.0,22247.0,292.0,16101.0,289.0,135.0,92.0,3913.0,609.0,40.0,120.0,62.0,334.0,34.0,197.0,409.0,321.0,180.0,519.0,383.0,144.0,163.0,13716.0,8462.0,3444.0,270.0,194694.0,27790.0,1641.0,4661.0,1383.0,1315.0,22288.0,2505.0,11806.0,287.0,17118.0,21488.0,7955.0,20272.0,17065.0,10664.0,87.0,9554.0,2064.0,997.0,429.0,49.0,24722.0,3493.0,256.0,1041.0,139.0,54.0,2689.0,189.0,912.0,675.0,2324.0,2159.0,952.0,3032.0,2449.0,1373.0,28.0,1172.0,128.0,74.0,30.0,1350.0,226.0,14.0,34.0,127.0,30.0,31.0,41.0,109.0,146.0,54.0,158.0,189.0,57.0,28.0
2021-09-01,7245.0,5315.0,1370.0,136.0,117168.0,15766.0,1202.0,3532.0,463.0,339.0,12160.0,857.0,4048.0,3087.0,9619.0,18136.0,4756.0,10004.0,8572.0,6207.0,162.0,4302.0,9984.0,7030.0,2591.0,474.0,151578.0,21257.0,2063.0,4843.0,893.0,1724.0,16150.0,2071.0,6378.0,837.0,10422.0,19455.0,7952.0,13019.0,12730.0,6173.0,110.0,6350.0,60207.0,39538.0,13663.0,1597.0,906758.0,120162.0,9694.0,27324.0,5121.0,4568.0,100134.0,10554.0,42074.0,5512.0,69265.0,119220.0,39316.0,84389.0,73497.0,50763.0,710.0,37553.0,1917.0,1186.0,472.0,38.0,28028.0,3750.0,249.0,1031.0,189.0,40.0,3327.0,300.0,1219.0,90.0,2321.0,2346.0,1160.0,2890.0,2491.0,2536.0,1337.0,1188.0,628.0,261.0,48.0,17004.0,2256.0,149.0,456.0,146.0,343.0,2410.0,122.0,755.0,46.0,1477.0,1422.0,642.0,2121.0,1420.0,1038.0,12.0,720.0,852.0,413.0,223.0,30.0,12443.0,1486.0,104.0,266.0,76.0,27.0,1425.0,80.0,332.0,67.0,1000.0,948.0,481.0,1581.0,1126.0,476.0,459.0,93.0,64.0,17.0,941.0,135.0,14.0,31.0,50.0,18.0,16.0,95.0,101.0,48.0,130.0,135.0,64.0,28.0,1536.0,809.0,375.0,81.0,19889.0,2927.0,206.0,579.0,193.0,173.0,2378.0,205.0,917.0,50.0,1848.0,1865.0,842.0,2332.0,1913.0,746.0,18.0,994.0,31.0,17.0,339.0,46.0,16.0,48.0,25.0,25.0,19.0,47.0,48.0,27.0,21446.0,15205.0,4423.0,517.0,346691.0,40834.0,3851.0,11596.0,1794.0,552.0,36960.0,4514.0,16982.0,477.0,23789.0,52462.0,14656.0,30734.0,25633.0,22201.0,296.0,16097.0,306.0,136.0,91.0,3915.0,607.0,39.0,117.0,61.0,327.0,34.0,197.0,415.0,321.0,191.0,514.0,397.0,143.0,161.0,13769.0,8437.0,3447.0,271.0,195147.0,27841.0,1633.0,4647.0,1385.0,1300.0,22260.0,2498.0,11816.0,289.0,17078.0,21575.0,7908.0,20289.0,17191.0,10651.0,86.0,9536.0,2071.0,995.0,426.0,51.0,24708.0,3474.0,255.0,1042.0,140.0,51.0,2681.0,188.0,913.0,675.0,2320.0,2156.0,952.0,3018.0,2458.0,1385.0,26.0,1169.0,128.0,75.0,29.0,1354.0,228.0,15.0,36.0,127.0,28.0,30.0,41.0,111.0,144.0,53.0,159.0,188.0,55.0,28.0
